序号,转债名称,转债代码,进展/上市日期,股票名称,股票代码,行业,子行业,转债价格,涨跌,日内套利,股价,涨跌,转债成交额,转债换手率,剩余本息,转股价格,P/B,转股价值,转股溢价率,距离转股日,剩余年限,回售年限,余额/市值,余额/股本,转债余额,股票市值,税前收益率,税后收益率,税前回售收益,税后回售收益,回售价值,纯债价值,弹性,信用,折现率,双低,老式双低,老式排名,新式双低,新式排名,MA20乖离,热门度,转债名称
181,亚药转债!,128062,2019/4/24,亚太药业,2370,医药,化学制药,80.809,-1.45%,1.44%,6.08,-2.72%,51,6.50%,119.8,16.25,8.09,37.42,116%,转股中,4.61年,2.61年,29.60%,11.10%,9.6,33,9.10%,8.26%,9.33%,9.06%,80.71,79.87,0,A-,9.38%,196.81,124.2,29,43.5,135,12.00%,88,亚药转债!
201,维格转债!,113527,2019/2/19,锦泓集团,603518,服装纺织,服装行业,95.17,0.23%,-0.20%,7.12,0.14%,8.1,1.10%,120.2,9.85,0.72,72.28,31.70%,转股中,4.42年,2.42年,41.50%,30.00%,7.5,18,5.54%,4.69%,3.34%,3.06%,89.87,94.62,0.24,AA,5.68%,126.87,118.1,3,23.4,6,-8.00%,100,维格转债!
30,本钢转债!,127018,2020/8/4,本钢板材,761,钢铁,炼钢,98.521,-0.08%,0.19%,3.53,0.57%,101,1.50%,128.6,5.03,0.7,70.18,40.40%,4月15天,5.85年,3.85年,49.70%,34.90%,68,137,4.80%,3.94%,1.97%,1.65%,91.7,103.84,0.19,AAA,3.83%,138.92,126.9,44,23,5,1.10%,18,本钢转债!
259,亚太转债!,128023,2017/12/26,亚太股份,2284,汽车,零部件制,97.902,-0.02%,0.01%,5.38,-0.19%,2.2,0.20%,112.3,10.34,1.63,52.03,88.20%,转股中,3.29年,1.29年,25.20%,13.10%,10,40,4.36%,3.63%,3.45%,3.06%,96.26,96.95,0.02,AA,4.68%,186.1,143.8,200,46.8,157,-0.50%,63,亚太转债!
239,岩土转债!,128037,2018/4/25,中化岩土,2542,建筑,建筑工程,99.819,0.32%,-0.32%,3.69,0.54%,2,0.30%,112.3,7.99,1.66,46.18,116%,转股中,3.56年,1.56年,9.00%,4.20%,6,67,3.43%,2.77%,1.73%,1.41%,95.05,95.72,0.01,AA,4.68%,215.82,153.5,232,57.7,216,2.80%,48,岩土转债!
108,百川转债!,128093,2020/1/21,百川股份,2455,化工,化工,109.931,-0.05%,0.59%,5.22,1.16%,2.6,0.50%,130.3,5.87,2.12,88.93,23.60%,转股中,5.37年,3.37年,19.30%,17.10%,5.2,27,3.33%,2.37%,-0.67%,-1.06%,88.22,97.14,0.46,AA-,5.83%,133.53,130.9,91,33.8,34,0.60%,45,百川转债!
267,小康转债!,113016,2017/11/21,小康股份,601127,汽车,零部件制,100.13,0.09%,-0.08%,8.98,0.79%,3.1,0.30%,110.3,15.7,1.75,57.2,75.10%,转股中,3.21年,1.21年,7.80%,4.50%,8.8,113,3.13%,2.50%,1.95%,1.54%,96.6,95.57,0.01,AA,4.68%,175.23,143.1,195,46.5,151,-0.50%,44,小康转债!
184,大丰转债!,113530,2019/4/18,大丰实业,603081,建筑,装饰工程,106.41,-0.79%,0.52%,12.93,-1.07%,9.1,1.40%,121.6,16.64,2.69,77.7,36.90%,转股中,4.59年,2.59年,12.10%,9.40%,6.3,52,3.01%,2.17%,-1.00%,-1.25%,91.35,98.97,0.25,AA,4.68%,143.31,135.1,133,36.1,59,5.60%,34,大丰转债!
179,未来转债,128063,2019/4/24,德尔未来,2631,其他,家居用品,112.49,0.23%,-0.06%,7.97,0.38%,1.4,0.20%,128.2,8.61,3.1,92.57,21.50%,转股中,4.61年,3.61年,11.80%,10.90%,6.3,53,2.95%,1.92%,-0.88%,-1.31%,88.76,100.06,0.45,AA-,5.68%,133.99,132.4,109,32.4,22,1.20%,37,未来转债
187,迪森转债!,123023,2019/4/16,迪森股份,300335,能源电力,电力供应,101.101,-0.08%,0.24%,5.24,0.58%,3.2,0.50%,114.9,7.04,1.41,74.43,35.80%,转股中,4.58年,3.58年,31.60%,23.50%,6,19,2.89%,2.28%,1.09%,0.82%,88.91,93.59,0.28,AA,4.68%,136.9,127.8,59,34.2,39,3.60%,48,迪森转债!
61,纵横转债,113573,2020/5/22,纵横通信,603602,通信互联,通信设备,106.55,0.04%,-0.40%,15.27,-0.72%,1.8,0.60%,124.7,18.81,3.47,81.18,31.30%,2月2天,5.65年,3.65年,8.70%,7.00%,2.7,31,2.89%,2.13%,-0.48%,-0.72%,79.55,83.52,0.5,A+,7.53%,137.85,131.9,103,48.4,171,-1.70%,12,纵横转债
230,海澜转债!,110045,2018/7/31,海澜之家,600398,服装纺织,服装行业,100,0.62%,-0.06%,7.28,6.59%,32,1.10%,111.1,11.75,2.58,61.96,61.40%,转股中,3.89年,1.89年,9.40%,5.80%,29,314,2.78%,2.23%,0.98%,0.78%,93.82,94.93,0.09,AA+,4.18%,161.4,138,162,43.1,131,15.10%,59,海澜转债!
91,科达转债!,113569,2020/4/8,苏州科达,603660,通信互联,物联网,104.15,-0.33%,-0.08%,10.05,-1.57%,22,4.00%,120.7,14.84,2.92,67.72,53.80%,22天,5.55年,3.55年,10.30%,7.00%,5.2,50,2.75%,2.09%,-0.03%,-0.24%,84.5,88.74,0.26,AA-,5.83%,157.95,140.6,178,51.8,192,7.30%,21,科达转债!
140,浦发转债!,110059,2019/11/15,浦发银行,600000,金融,银行行业,103.51,-0.18%,0.25%,10.5,0.29%,187,0.40%,117.8,14.45,0.6,72.66,42.40%,转股中,5.18年,无权,16.20%,11.80%,500,3082,2.60%,1.96%,无权,无权,无权,97.46,0.24,AAA,3.83%,145.91,134.4,127,36.9,69,-0.10%,78,浦发转债!
84,搜特转债!,128100,2020/4/9,搜于特,2503,服装纺织,服装行业,102.116,0.10%,-0.04%,2.79,0.72%,19,2.40%,117.3,5.36,1.61,52.05,96.20%,27天,5.55年,3.55年,9.30%,4.80%,8,86,2.58%,2.01%,0.44%,0.24%,87.25,90.73,0.08,AA,4.83%,198.32,152.2,229,61.4,229,-1.60%,37,搜特转债!
196,中信转债!,113021,2019/3/19,中信银行,601998,金融,银行行业,106.77,-0.03%,0.12%,5.28,0.38%,37,0.10%,118.8,6.98,0.56,75.64,41.10%,转股中,4.53年,无权,15.50%,11.70%,400,2584,2.46%,1.70%,无权,无权,无权,101.34,0.23,AAA,3.68%,147.87,137.9,160,36.6,66,0.90%,55,中信转债!
271,久其转债!,128015,2017/7/18,久其软件,2279,计算机及,软件开发,103.691,0.07%,-0.11%,7.05,-0.28%,3.2,0.40%,110.8,9.48,6.56,74.37,39.40%,转股中,2.79年,0.79年,15.60%,11.60%,7.8,50,2.43%,1.70%,-2.15%,-2.46%,94.95,91.36,0.16,A+,7.25%,143.09,133,112,38.1,83,-2.00%,57,久其转债!
28,胜达转债,113591,2020/7/23,大胜达,603687,造纸包装,包装用纸,106.68,0.84%,-0.08%,13.62,1.34%,22,3.70%,122.2,14.73,3.86,92.46,15.40%,4月19天,5.86年,3.86年,9.80%,9.10%,5.5,56,2.39%,1.73%,-0.61%,-0.80%,83.09,88.28,0.57,AA-,5.83%,122.08,120.9,7,32.6,25,2.10%,13,胜达转债
256,铁汉转债!,123004,2018/1/26,铁汉生态,300197,城市公用,生态环境,101.8,0.06%,0.16%,2.94,1.38%,4,0.50%,109.8,3.98,1.32,73.87,37.80%,转股中,3.32年,1.32年,12.10%,8.90%,8.3,69,2.35%,1.78%,0.50%,0.16%,95.85,94.61,0.16,AA,4.68%,139.6,129.7,79,33.9,36,1.80%,30,铁汉转债!
168,大业转债!,113535,2019/6/3,大业股份,603278,汽车,零部件制,104.09,-0.19%,0.15%,8.97,-0.22%,2.1,0.40%,113.1,12.4,1.63,72.34,43.90%,转股中,3.71年,1.71年,19.20%,13.90%,5,26,2.29%,1.63%,-1.16%,-1.35%,93.5,95.64,0.21,AA,4.68%,147.99,135.8,141,40.2,103,2.30%,49,大业转债!
162,清水转债,123028,2019/7/15,清水源,300437,城市公用,三废处理,109.712,0.13%,1.42%,11.31,2.82%,4.6,0.80%,121.8,11.84,1.63,95.52,14.90%,转股中,4.82年,2.82年,19.80%,19.00%,4.9,25,2.24%,1.45%,-1.56%,-1.86%,88.95,93.93,0.55,AA-,5.68%,124.61,123.9,25,30,16,3.40%,45,清水转债
197,长城转债!,113528,2019/3/20,长城科技,603897,机械装备,专用设备,106.81,0.56%,0.10%,20.54,1.43%,4.1,0.60%,117.6,23.75,2,86.48,23.50%,转股中,4.52年,2.52年,17.30%,15.00%,6.3,37,2.20%,1.49%,-1.02%,-1.30%,89.75,92.14,0.46,AA-,5.68%,130.31,127.1,49,35,46,1.30%,46,长城转债!
32,天创转债!,113589,2020/7/16,天创时尚,603608,服装纺织,鞋服行业,101.76,-0.24%,0.04%,9.63,-0.52%,16,2.60%,115.3,12.64,1.93,76.19,33.60%,4月13天,5.84年,3.84年,14.50%,11.00%,6,41,2.20%,1.72%,0.50%,0.31%,86.08,88,0.37,AA,4.83%,135.36,127.3,52,39.3,98,-0.30%,4,天创转债!
123,鸿达转债,128085,2020/1/8,鸿达兴业,002002,化工,化工,111.47,0.12%,-0.27%,4.01,-0.25%,12,0.50%,124.8,3.92,1.51,102.3,9.00%,转股中,5.32年,3.32年,23.40%,23.90%,24,104,2.19%,1.40%,-1.91%,-2.14%,88.66,97.65,0.58,AA,4.83%,120.47,120.6,5,23,4,1.60%,78,鸿达转债
273,永东转债!,128014,2017/7/18,永东股份,2753,化工,化工,105.201,0.24%,-0.01%,8.74,2.70%,4.5,1.30%,111.3,12.6,1.89,69.37,51.70%,转股中,2.65年,0.65年,10.30%,7.10%,3.4,33,2.18%,1.38%,-3.94%,-4.36%,97.41,96.68,0.08,AA-,5.55%,156.9,141,181,43.6,137,4.00%,40,永东转债!
65,凌钢转债!,110070,2020/5/13,凌钢股份,600231,钢铁,炼钢,104.76,0.07%,-0.07%,2.36,0.00%,1.5,0.30%,117.8,2.75,0.84,85.82,22.10%,56天,5.64年,3.64年,6.70%,5.80%,4.4,65,2.14%,1.57%,-0.16%,-0.37%,87.18,90.78,0.46,AA,4.83%,126.86,123.7,24,32.9,28,1.20%,12,凌钢转债!
92,新春转债,113568,2020/4/2,五洲新春,603667,机械装备,通用设备,111.73,0.04%,-0.17%,8.81,-0.23%,8.4,2.30%,124.8,8.91,1.48,98.88,13.00%,23天,5.54年,3.54年,12.80%,12.70%,3.3,26,2.06%,1.30%,-1.76%,-1.99%,85.12,91.87,0.61,AA-,5.83%,124.73,124.6,32,32.7,26,1.80%,40,新春转债
68,起步转债!,113576,2020/5/7,起步股份,603557,服装纺织,鞋服行业,109.12,-0.45%,-1.48%,10.19,-3.14%,9.6,1.70%,121.8,10.55,2.83,96.59,13.00%,55天,5.63年,3.63年,10.80%,10.40%,5.2,48,2.02%,1.34%,-1.09%,-1.33%,84.66,89.19,0.61,AA-,5.83%,122.12,121.7,12,32.5,23,1.10%,30,起步转债!
228,德尔转债!,123011,2018/8/14,德尔股份,300473,汽车,零部件制,107.88,-0.04%,-0.41%,28.98,-1.19%,15,5.40%,116.3,34.54,1.45,83.9,28.60%,转股中,3.90年,1.90年,7.60%,6.40%,2.5,33,1.98%,1.22%,-2.32%,-2.57%,91.76,94.09,0.38,AA-,5.68%,136.48,131.9,100,37.8,77,1.20%,36,德尔转债!
249,吉视转债!,113017,2018/1/15,吉视传媒,601929,传媒娱乐,影视娱乐,103,0.02%,0.19%,2.31,0.87%,4,0.20%,109.8,2.95,1.09,78.31,31.50%,转股中,3.35年,1.35年,21.70%,17.00%,16,72,1.97%,1.40%,-0.29%,-0.62%,96.44,96,0.24,AA+,4.18%,134.5,127.7,58,31.3,19,2.40%,50,吉视转债!
118,建工转债!,110064,2020/1/16,重庆建工,600939,建筑,建筑工程,108.57,-0.32%,0.44%,4.24,0.24%,6.6,0.40%,120.2,4.57,1.13,92.78,17.00%,转股中,5.33年,3.33年,21.60%,20.00%,17,77,1.97%,1.30%,-1.09%,-1.34%,90.29,96.41,0.49,AA+,4.33%,125.57,124.4,31,28,10,2.10%,45,建工转债!
218,长久转债!,113519,2018/11/30,长久物流,603569,交通运输,物流业,111.03,0.46%,-0.23%,9.84,0.61%,1,0.10%,120.1,11.15,2.29,88.25,25.80%,转股中,4.21年,2.21年,12.60%,11.20%,7,55,1.92%,1.08%,-2.91%,-3.19%,93.06,99.49,0.38,AA,4.68%,136.83,133.8,120,34.3,40,-0.30%,17,长久转债!
248,迪龙转债!,128033,2018/1/29,雪迪龙,2658,城市公用,三废处理,103.238,0.05%,0.02%,6.6,0.30%,2.9,0.50%,109.8,8.83,2,74.75,38.10%,转股中,3.35年,1.35年,13.00%,9.70%,5.2,40,1.90%,1.33%,-0.44%,-0.77%,95.75,94.5,0.21,AA,4.68%,141.34,131.7,97,36,56,-0.90%,38,迪龙转债!
220,岭南转债!,128044,2018/9/4,岭南股份,2717,城市公用,生态环境,103.495,0.09%,-0.14%,4.2,-0.24%,1.3,0.20%,111.3,5.91,1.41,71.07,45.60%,转股中,3.98年,1.98年,10.30%,7.30%,6.6,64,1.88%,1.34%,-0.32%,-0.57%,93.25,93.08,0.19,AA,4.68%,149.1,135.9,143,42.7,127,-2.20%,30,岭南转债!
264,嘉澳转债!,113502,2017/11/27,嘉澳环保,603822,化工,化工,106,0.18%,-0.17%,27.76,0.22%,3.2,1.70%,112.3,44.79,2.74,61.98,71.00%,转股中,3.22年,1.22年,9.10%,5.60%,1.9,20,1.85%,1.13%,-2.21%,-2.59%,95.3,94.38,0.06,AA-,5.68%,177,150,224,54.7,202,1.30%,29,嘉澳转债!
121,森特转债,113557,2020/1/10,森特股份,603098,建筑,建筑工程,110.23,0.19%,0.05%,9.6,0.42%,1.3,0.20%,120.7,10.11,2.26,94.96,16.10%,转股中,5.33年,3.33年,13.00%,12.40%,6,46,1.75%,1.07%,-1.66%,-1.88%,85.57,89.84,0.59,AA-,5.83%,126.33,125.5,36,35.7,54,0.10%,35,森特转债
206,奇精转债!,113524,2019/1/7,奇精机械,603677,家电,零部件制,109.88,0.39%,-0.80%,12.23,-1.05%,0.9,0.30%,117.9,14.28,2.41,85.64,28.30%,转股中,4.31年,2.31年,14.00%,12.00%,3.3,23,1.68%,0.94%,-2.45%,-2.70%,92.43,97.19,0.38,AA,4.68%,138.18,134.1,124,36.9,70,-3.70%,44,奇精转债!
154,翔鹭转债!,128072,2019/9/16,翔鹭钨业,2842,有色金属,小金属,106.05,0.21%,-0.02%,10.74,0.66%,3,0.90%,115.1,15.31,3.25,70.15,51.20%,转股中,4.99年,2.99年,10.20%,7.20%,3,29,1.68%,1.13%,-0.79%,-1.00%,86.99,87.8,0.3,AA-,5.68%,157.25,141.9,187,54.2,201,-5.10%,27,翔鹭转债!
2,N佳力转,113597,今日上市,佳力图,603912,机械装备,专用设备,113.04,13.00%,0.00%,19.08,-0.88%,262,77.60%,124.5,23.4,5.16,81.54,38.60%,5月17天,5.94年,3.94年,7.20%,5.90%,3,41,1.67%,0.97%,-1.93%,-2.13%,82.96,89.55,0.43,AA-,5.83%,151.64,144.5,202,55,204,-5.50%,2,N佳力转
160,智能转债!,128070,2019/7/23,智能自控,2877,机械装备,通用设备,109.022,-1.98%,2.18%,7.91,0.38%,46,18.20%,117.6,9.51,3.72,83.18,31.10%,转股中,4.86年,无权,8.70%,7.30%,2.3,26,1.60%,0.95%,无权,无权,无权,83.85,0.52,A+,7.38%,140.12,134.9,130,51,185,0.00%,34,智能转债!
237,新凤转债!,113508,2018/5/16,新凤鸣,603225,服装纺织,纺织行业,106.07,-0.79%,0.01%,11.6,-3.65%,3.1,0.10%,112.3,15.78,1.43,73.51,44.30%,转股中,3.68年,1.68年,13.20%,9.70%,21,162,1.59%,0.97%,-1.70%,-1.99%,94.55,95.22,0.21,AA,4.68%,150.37,138.6,165,43.4,134,3.30%,27,新凤转债!
79,久吾转债,123047,2020/4/17,久吾高科,300631,机械装备,专用设备,119.511,-0.15%,2.34%,19.26,2.99%,2.8,0.90%,130.1,17.61,2.93,109.37,9.30%,35天,5.58年,3.58年,12.50%,13.70%,2.5,20,1.58%,0.69%,-3.17%,-3.46%,81.15,87.79,0.73,A+,7.53%,128.81,129.7,78,41.9,120,-1.20%,18,久吾转债
278,顺昌转债!!,128010,2016/2/23,澳洋顺昌,2245,交通运输,物流业,107.223,0.21%,-0.21%,4.87,0.41%,1.5,0.30%,109.6,9.25,2.23,52.65,104%,转股中,1.42年,回售中,10.70%,5.60%,5.1,48,1.57%,0.30%,回售中,回售中,100.27,102.94,0,AA,4.55%,211.22,161.8,245,58.9,221,-0.70%,42,顺昌转债!!
198,今飞转债!,128056,2019/3/22,今飞凯达,002863,汽车,零部件制,113,1.00%,0.53%,7.03,2.18%,33,8.00%,121,6.76,2.61,103.99,8.70%,转股中,4.52年,2.52年,13.90%,14.50%,3.7,26,1.56%,0.75%,-3.02%,-3.30%,86.24,88.4,0.7,A+,7.38%,121.7,122,15,33.6,32,9.80%,57,今飞转债!
122,孚日转债!,128087,2020/1/16,孚日股份,2083,服装纺织,家纺,104.819,0.12%,-0.12%,5.44,0.00%,5.3,0.80%,113.3,6.3,1.29,86.35,21.40%,转股中,5.32年,3.32年,13.20%,11.40%,6.5,49,1.50%,1.04%,-0.28%,-0.49%,88.22,88.62,0.5,AA,4.83%,126.22,123.3,22,34.7,43,-0.20%,48,孚日转债!
266,时达转债!,128018,2017/12/4,新时达,2527,机械装备,机器人及,105.4,0.39%,-0.36%,5.56,0.18%,1.4,0.20%,110.3,7.42,1.39,74.93,40.70%,转股中,3.21年,1.21年,25.50%,19.10%,8.8,34,1.46%,0.85%,-1.82%,-2.21%,96.6,95.57,0.19,AA,4.68%,146.1,135.9,142,39.3,95,-0.20%,42,时达转债!
223,苏农转债!,113516,2018/8/20,苏农银行,603323,金融,银行行业,108.07,-0.17%,0.17%,4.78,0.00%,7.9,0.60%,114.3,5.52,0.74,86.59,24.80%,转股中,3.95年,无权,15.00%,13.00%,13,86,1.46%,0.79%,无权,无权,无权,97.52,0.38,AA+,4.18%,132.87,129.5,75,32,21,0.80%,37,苏农转债!
142,迪贝转债!,113546,2019/11/21,迪贝电气,603320,家电,零部件制,112.61,0.37%,0.36%,13.84,1.10%,4.7,1.80%,121.1,14.1,2.74,98.16,14.70%,转股中,5.17年,3.17年,12.80%,12.50%,2.3,18,1.45%,0.74%,-2.27%,-2.51%,82.27,84,0.67,A+,7.53%,127.31,127.1,48,43.1,130,2.20%,43,迪贝转债!
13,花王转债,113595,2020/8/18,花王股份,603007,城市公用,生态环境,115.31,1.26%,1.95%,7.94,4.34%,153,40.40%,125.3,6.94,2.39,114.41,0.80%,5月8天,5.91年,3.91年,12.30%,14.10%,3.3,27,1.44%,0.72%,-2.47%,-2.66%,82.92,90.24,0.74,AA-,5.83%,116.11,116.2,1,26,9,6.50%,7,花王转债
145,金轮转债!,128076,2019/11/8,金轮股份,2722,机械装备,专用设备,107.576,-0.09%,0.95%,13.1,1.55%,3.6,1.60%,115.3,14.76,1.24,88.75,21.20%,转股中,5年53天,3年53天,9.30%,8.30%,2.1,23,1.39%,0.84%,-1.09%,-1.30%,86.24,86.69,0.55,AA-,5.83%,128.78,126.4,40,39.7,101,1.90%,42,金轮转债!
252,双环转债!,128032,2018/1/25,双环传动,2472,机械装备,通用设备,105.599,0.09%,-0.20%,6.53,-1.21%,13,1.20%,110.3,9.89,1.36,66.03,59.90%,转股中,3.34年,1.34年,22.30%,14.70%,10,45,1.34%,0.75%,-1.78%,-2.13%,96,94.98,0.09,AA,4.68%,165.5,145.2,205,49.2,173,14.20%,50,双环转债!
72,鲁泰转债,127016,2020/5/13,鲁 泰Ａ,726,服装纺织,纺织行业,108.08,0.12%,0.00%,7.94,0.25%,1.5,0.10%,116.2,8.91,0.87,89.11,21.30%,54天,5.63年,3.63年,20.50%,18.30%,14,68,1.32%,0.80%,-1.09%,-1.28%,88.41,91.93,0.49,AA+,4.33%,129.38,127,47,35.1,49,-0.40%,20,鲁泰转债
131,海亮转债,128081,2019/12/16,海亮股份,002203,有色金属,铜金属,107.917,-0.12%,-0.11%,8.79,-0.45%,12,0.30%,115.2,9.76,1.95,90.06,19.80%,转股中,5.25年,3.25年,18.40%,16.50%,32,172,1.28%,0.75%,-1.17%,-1.38%,88.42,90.38,0.52,AA,4.83%,127.72,125.8,38,35.4,51,-1.50%,52,海亮转债
16,联诚转债,128120,2020/8/17,联诚精密,2921,汽车,零部件制,110.05,1.14%,1.49%,24.1,3.43%,59,20.80%,118.4,24.37,2.71,98.89,11.30%,5月6天,5.90年,3.90年,13.20%,13.10%,2.6,20,1.27%,0.72%,-1.26%,-1.47%,75.24,73.86,0.77,A,8.53%,121.35,121.2,10,46,148,8.50%,3,联诚转债
191,苏银转债!,110053,2019/4/3,江苏银行,600919,金融,银行行业,112.78,0.81%,-1.11%,6.41,-0.77%,46,0.20%,119.1,7.28,0.64,88.05,28.10%,转股中,4.56年,无权,27.00%,23.80%,200,740,1.24%,0.49%,无权,无权,无权,101.5,0.39,AAA,3.68%,140.88,137.5,157,36,57,3.30%,49,苏银转债!
147,万里转债!,123032,2019/10/31,万里马,300591,服装纺织,服装纺织,125.001,-2.27%,2.64%,7.42,0.54%,181,79.60%,132.8,6.89,4.73,107.69,16.10%,转股中,5年50天,3年50天,7.80%,8.40%,1.8,23,1.23%,0.20%,-4.46%,-4.87%,85.41,92.87,0.68,A+,7.53%,141.1,142.3,189,49.4,174,-5.80%,44,万里转债!
47,飞鹿转债,123052,2020/7/3,飞鹿股份,300665,化工,化工,119.599,0.25%,-0.18%,11.15,0.09%,4.2,2.00%,127.3,9.9,3.06,112.63,6.20%,3月21天,5.79年,3.79年,13.10%,14.70%,1.8,14,1.11%,0.33%,-3.23%,-3.46%,79.27,84.51,0.77,A+,7.53%,125.8,126.6,42,42.1,121,1.10%,7,飞鹿转债
129,华锋转债!,128082,2020/1/6,华锋股份,2806,电子,元器件制,115.68,0.33%,-0.21%,12.58,0.16%,2.7,0.70%,122,11.71,1.73,107.43,7.70%,转股中,5.29年,3.29年,15.90%,17.10%,3.5,22,1.04%,0.32%,-2.79%,-3.05%,82.13,84.02,0.76,A+,7.53%,123.38,123.9,27,39.9,102,-1.60%,55,华锋转债!
174,核能转债!,113026,2019/5/8,中国核电,601985,能源电力,核电,104.78,0.75%,0.36%,4.7,3.75%,27,0.30%,109.8,6.08,1.46,77.3,35.50%,转股中,4.65年,2.65年,10.70%,8.20%,78,732,1.03%,0.63%,-0.51%,-0.74%,93.4,93.13,0.3,AAA,3.68%,140.28,132.3,105,38.9,92,5.50%,51,核能转债!
225,凯中转债!,128042,2018/9/3,凯中精密,2823,能源电力,电力设备,112.008,-0.09%,0.06%,11.86,-0.08%,0.6,0.10%,116.3,12.94,2.66,91.65,22.20%,转股中,3.94年,1.94年,12.10%,11.10%,4.2,34,0.98%,0.24%,-4.02%,-4.27%,93.43,97.43,0.45,AA,4.68%,134.21,132.4,108,34.9,45,-1.60%,24,凯中转债!
161,华森转债!,128069,2019/7/11,华森制药,2907,医药,化学制药,114.7,0.01%,-0.28%,18.33,-0.43%,4.6,1.30%,120,18.04,7.23,101.61,12.90%,转股中,4.84年,2.84年,4.10%,4.10%,3,74,0.96%,0.24%,-3.39%,-3.61%,87.81,92.32,0.63,AA-,5.68%,127.6,127.8,60,35.5,52,-2.70%,42,华森转债!
3,大禹转债,123063,2020/8/20,大禹节水,300021,化工,橡胶塑料,120.17,-0.44%,-6.18%,5.68,-8.83%,552,71.70%,126.5,4.94,3.07,114.98,4.50%,5月15天,5.93年,4.93年,14.10%,16.20%,6.4,45,0.89%,0.15%,-2.28%,-2.53%,80.54,90.99,0.75,AA-,5.83%,124.67,125.4,34,34.4,41,12.90%,3,大禹转债
242,杭电转债!,113505,2018/3/27,杭电股份,603618,能源电力,电力设备,108.96,-0.04%,0.04%,6.18,0.00%,3,0.40%,112.3,7.14,1.78,86.55,25.90%,转股中,3.54年,1.54年,17.60%,15.20%,7.5,43,0.87%,0.23%,-3.38%,-3.69%,95.15,95.83,0.38,AA,4.68%,134.86,131.4,94,35.5,53,1.20%,39,杭电转债!
208,钧达转债!,128050,2018/12/27,钧达股份,2865,汽车,零部件制,119.071,1.87%,1.28%,17.25,4.48%,32,8.40%,123.5,14.83,2.46,116.32,2.40%,转股中,4.30年,2.30年,15.30%,17.80%,3.2,21,0.87%,-0.05%,-5.46%,-5.74%,90.77,97.92,0.7,AA-,5.68%,121.47,121.8,14,23.9,7,10.20%,61,钧达转债!
113,开润转债!,123039,2020/1/23,开润股份,300577,服装纺织,纺织行业,116.275,0.25%,-0.01%,30.39,0.36%,1,0.40%,121.5,33.22,7.28,91.48,27.10%,转股中,5.35年,3.35年,3.40%,3.10%,2.2,66,0.84%,0.15%,-3.01%,-3.25%,81.34,83.22,0.64,A+,7.53%,143.38,141.1,182,57.9,218,-6.50%,22,开润转债!
18,银信转债,123059,2020/8/12,银信科技,300231,计算机及,软件开发,118.204,-0.26%,-0.64%,10.55,-1.31%,31,6.70%,124.1,9.91,3.68,106.46,11.00%,5月2天,5.90年,3.90年,8.40%,8.90%,3.9,47,0.84%,0.16%,-3.13%,-3.31%,82.81,89.43,0.68,AA-,5.83%,129.2,129.9,84,40.5,108,5.70%,5,银信转债
180,海环转债!,113532,2019/4/24,海峡环保,603817,城市公用,三废处理,108.82,-0.16%,0.30%,6.8,0.29%,6.7,1.30%,112.9,7.69,1.83,88.43,23.10%,转股中,4.61年,2.61年,15.00%,13.30%,4.6,31,0.82%,0.30%,-1.84%,-2.07%,91.18,91.82,0.48,AA,4.68%,131.92,129.2,71,37.4,75,1.60%,27,海环转债!
26,道恩转债,128117,2020/7/20,道恩股份,2838,化工,橡胶塑料,118.199,0.65%,1.21%,30.11,2.83%,22,5.20%,123.5,29.32,10.6,102.69,15.10%,4月19天,5.86年,3.86年,2.90%,3.00%,3.6,123,0.76%,0.09%,-3.19%,-3.37%,82.83,89.14,0.66,AA-,5.83%,133.3,133.7,118,44.6,143,-4.10%,6,道恩转债
41,中矿转债,128111,2020/7/7,中矿资源,2738,有色金属,有色行业,119.504,-0.89%,1.19%,16.34,0.43%,2.1,0.20%,124.7,15.53,1.7,105.22,13.60%,3月27天,5.80年,3.80年,17.60%,18.50%,8,45,0.75%,0.04%,-3.33%,-3.54%,83.76,90.41,0.68,AA-,5.83%,133.1,133.8,119,43.4,133,-3.00%,5,中矿转债
98,翔港转债,113566,2020/3/31,翔港科技,603499,造纸包装,包装材料,119.65,0.38%,0.33%,12.63,0.88%,22,9.40%,124.5,10.77,3.35,117.27,2.00%,16天,5.52年,3.52年,8.00%,9.40%,2,25,0.74%,-0.01%,-3.61%,-3.84%,80.38,84.19,0.8,A+,7.53%,121.65,122,16,37.8,79,2.90%,25,翔港转债
42,思特转债,123054,2020/7/6,思特奇,300608,通信互联,通信设备,116.7,0.69%,0.12%,17.4,1.16%,3.2,1.00%,121.7,16.49,3.61,105.52,10.60%,3月26天,5.80年,3.80年,9.90%,10.40%,2.7,27,0.74%,0.10%,-2.75%,-2.96%,83.77,88.26,0.7,AA-,5.83%,127.3,127.9,61,39.6,100,1.40%,7,思特转债
83,雷迪转债,123045,2020/4/13,雷迪克,300652,汽车,零部件制,114.798,0.87%,0.18%,21.49,1.37%,4,1.20%,119.4,20.13,2.41,106.76,7.50%,27天,5.55年,3.55年,15.30%,16.30%,2.9,19,0.73%,0.12%,-2.51%,-2.73%,80.09,80.56,0.77,A+,7.53%,122.3,122.8,18,42.3,123,2.40%,37,雷迪转债
10,紫银转债,113037,2020/8/17,紫金银行,601860,金融,银行行业,111.21,0.32%,-0.19%,4.43,0.23%,197,4.00%,115.8,4.75,1.14,93.26,19.20%,5月10天,5.92年,无权,27.70%,25.90%,45,162,0.70%,0.22%,无权,无权,无权,90.54,0.54,AA+,4.33%,130.41,129.2,70,38.6,86,-0.30%,10,紫银转债
19,国城转债,127019,2020/8/10,国城矿业,688,有色金属,锌铅镍锡,110.599,0.02%,0.29%,22.1,0.45%,29,3.10%,115.1,21.07,11.63,104.89,5.40%,5月2天,5.90年,3.90年,3.40%,3.50%,8.5,251,0.69%,0.23%,-1.61%,-1.78%,85.66,87.58,0.69,AA,4.83%,116,116.3,2,28.7,11,-5.10%,6,国城转债
93,正元转债,123043,2020/3/31,正元智慧,300645,计算机及,软件开发,117.032,-0.36%,0.79%,15.48,0.58%,8.5,4.20%,121.4,15.41,3.28,100.45,16.50%,20天,5.53年,3.53年,8.90%,9.00%,1.8,20,0.68%,0.01%,-3.03%,-3.26%,80.2,82.01,0.72,A+,7.53%,133.53,133.6,116,51.6,190,-1.80%,16,正元转债
195,贵广转债!,110052,2019/3/29,贵广网络,600996,传媒娱乐,影视娱乐,115.04,0.40%,-0.68%,8.05,-0.49%,30,1.70%,118.5,7.94,1.89,101.39,13.50%,转股中,4.53年,2.53年,18.00%,18.30%,15,85,0.67%,-0.05%,-3.76%,-4.02%,93.08,98.82,0.56,AA+,4.18%,128.54,128.7,68,29.9,15,6.10%,16,贵广转债!
95,君禾转债,113567,2020/4/3,君禾股份,603617,机械装备,通用设备,115.25,0.37%,1.71%,11.79,2.79%,6.5,2.70%,119.3,11.46,2.76,102.88,12.00%,19天,5.53年,3.53年,8.90%,9.20%,2.1,24,0.64%,0.03%,-2.65%,-2.87%,80.15,80.62,0.75,A+,7.53%,127.25,127.6,55,47,160,1.50%,29,君禾转债
25,瀛通转债,128118,2020/8/5,瀛通通讯,2861,电子,电子产品,117.72,0.09%,1.87%,27.55,3.03%,9.2,2.60%,122.1,27.53,3.19,100.07,17.60%,4月19天,5.86年,3.86年,8.90%,8.90%,3,34,0.64%,-0.01%,-2.92%,-3.13%,83.46,88.25,0.65,AA-,5.83%,135.32,135.4,137,47.1,161,0.00%,2,瀛通转债
211,山鹰转债,110047,2018/12/10,山鹰纸业,600567,造纸包装,包装用纸,115.68,-0.14%,1.07%,3.25,1.88%,10,0.40%,118.1,3.34,1.09,97.31,18.90%,转股中,4.25年,2.25年,15.40%,15.00%,23,149,0.50%,-0.25%,-4.57%,-4.83%,93.79,99.6,0.5,AA+,4.18%,134.58,134.1,123,34.5,42,2.30%,36,山鹰转债
185,招路转债!,127012,2019/4/30,招商公路,1965,机场高速,高速,106.303,0.00%,-0.33%,7.34,-0.94%,7.4,0.10%,108.2,9.09,0.95,80.75,31.60%,转股中,4.58年,2.58年,11.00%,8.90%,50,453,0.39%,0.05%,-1.52%,-1.65%,92.36,91.88,0.34,AAA,3.68%,137.9,131.9,101,39.5,99,1.60%,36,招路转债!
105,星帅转债,128094,2020/2/19,星帅尔,2860,家电,零部件制,119,-0.03%,-0.28%,15.56,-0.38%,3.6,1.10%,121.5,13.95,2.05,111.54,6.70%,转股中,5.40年,3.40年,9.00%,10.10%,2.8,31,0.39%,-0.29%,-3.60%,-3.83%,81,82.87,0.8,A+,7.53%,125.7,126.5,41,43.6,136,3.30%,30,星帅转债
76,华体转债,113574,2020/4/27,华体科技,603679,城市公用,城市公用,113.98,1.71%,1.00%,30.72,4.03%,35,14.70%,116.4,33.99,4.4,90.38,26.10%,46天,5.61年,3.61年,4.80%,4.30%,2.1,44,0.38%,-0.14%,-2.28%,-2.51%,79.79,78.26,0.67,A+,7.53%,140.08,137.6,159,57.8,217,7.60%,9,华体转债
90,百达转债,113570,2020/4/8,百达精工,603331,机械装备,机械装备,113.08,0.29%,0.17%,11.8,0.60%,3.7,1.20%,115.3,11.54,1.93,102.25,10.60%,26天,5.55年,3.55年,13.30%,13.60%,2.8,21,0.36%,-0.14%,-2.30%,-2.49%,79.47,77.7,0.77,A+,7.53%,123.68,123.9,26,44.4,142,-0.30%,29,百达转债
78,龙净转债!,110068,2020/4/15,龙净环保,600388,城市公用,三废处理,112.99,0.97%,1.14%,10.55,3.53%,11,0.50%,115,10.73,2.09,98.32,14.90%,39天,5.59年,3.59年,17.70%,17.40%,20,113,0.32%,-0.16%,-2.33%,-2.50%,88.38,91.12,0.6,AA+,4.33%,127.89,127.7,56,36.5,65,13.10%,28,龙净转债!
106,银河转债!,123042,2020/2/14,金银河,300619,机械装备,专用设备,114.1,0.09%,1.76%,22.15,2.83%,12,6.50%,115.9,24.4,3.49,90.78,25.70%,转股中,5.40年,3.40年,10.10%,9.20%,1.7,17,0.30%,-0.23%,-2.54%,-2.76%,80.76,79.08,0.65,A+,7.53%,139.8,137.4,156,56.7,212,1.30%,25,银河转债!
15,沪工转债,113593,2020/8/10,上海沪工,603131,机械装备,通用设备,119.52,-0.40%,-1.02%,22.2,-1.86%,7.3,1.50%,121.6,21.32,5.83,104.13,14.80%,5月6天,5.91年,3.91年,5.70%,5.90%,4,71,0.30%,-0.32%,-3.25%,-3.45%,78.04,79.92,0.77,A+,7.53%,134.32,134.9,131,55,205,0.60%,3,沪工转债
50,今天转债,123051,2020/6/30,今天国际,300532,计算机及,软件开发,120.916,-0.23%,0.31%,10.48,0.10%,3.3,1.00%,122.8,8.8,3.84,119.09,1.50%,3月20天,5.78年,3.78年,9.80%,11.60%,2.8,29,0.27%,-0.39%,-3.61%,-3.83%,78.89,81.5,0.83,A+,7.53%,122.42,122.7,17,41.2,114,-2.60%,9,今天转债
29,瑞达转债,128116,2020/7/24,瑞达期货,2961,金融,期货行业,113.791,-0.04%,-0.26%,30.12,-0.46%,6.7,0.90%,115.3,29.82,7.74,101.01,12.70%,4月15天,5.85年,3.85年,4.80%,4.90%,6.5,134,0.23%,-0.24%,-2.30%,-2.47%,85.95,87.93,0.65,AA,4.83%,126.49,126.6,43,38.6,87,-2.00%,5,瑞达转债
126,鹰19转债,110063,2020/1/3,山鹰纸业,600567,造纸包装,包装用纸,114.85,0.53%,0.56%,3.25,1.88%,30,1.40%,116.2,3.3,1.09,98.48,16.60%,转股中,5.31年,3.31年,12.50%,12.30%,19,149,0.22%,-0.32%,-2.97%,-3.15%,89.47,93.17,0.58,AA+,4.33%,131.45,131.2,92,38,81,2.30%,42,鹰19转债
141,北方转债,127014,2019/11/21,北方国际,65,建筑,建筑工程,114.468,-0.20%,0.20%,8.15,0.00%,0.9,0.10%,115.6,8.75,1.29,93.14,22.90%,转股中,5.17年,3.17年,9.20%,8.60%,5.8,63,0.19%,-0.34%,-2.84%,-3.06%,90.54,93.32,0.53,AA+,4.33%,137.37,135.8,140,42.5,125,-1.50%,17,北方转债
186,岱勒转债!,123024,2019/4/17,岱勒新材,300700,机械装备,专用设备,112.3,1.07%,0.29%,20.55,3.32%,14,6.00%,113,24.9,3.44,82.53,36.10%,转股中,3.58年,1.58年,12.40%,10.20%,2.1,17,0.18%,-0.48%,-5.52%,-5.70%,89.91,87.86,0.41,A+,7.38%,148.4,142.1,188,52.2,194,3.30%,32,岱勒转债!
127,新北转债!,128083,2019/12/31,新北洋,2376,电子,电子产品,114.199,1.06%,-0.96%,10.71,0.19%,3.4,0.30%,115.2,11.7,2.09,91.54,24.80%,转股中,5.31年,3.31年,12.30%,11.30%,8.8,71,0.17%,-0.34%,-2.77%,-2.96%,88.18,90.14,0.54,AA,4.83%,139,136.9,153,46.7,155,0.40%,17,新北转债!
11,航新转债,123061,2020/8/18,航新科技,300424,航空航天,航空航天,123.65,-1.28%,1.99%,16.25,0.99%,38,12.20%,124.8,14.86,3.75,109.35,13.10%,5月9天,5.92年,3.92年,6.40%,7.00%,2.5,39,0.16%,-0.54%,-4.03%,-4.24%,83.32,89.92,0.71,AA-,5.83%,136.75,137.9,161,48,168,-4.00%,2,航新转债
14,中金转债,127020,2020/8/14,中金岭南,60,有色金属,有色行业,112.711,-0.87%,0.74%,4.49,-0.22%,84,1.90%,113.7,4.71,1.46,95.33,18.20%,5月6天,5.91年,3.91年,23.70%,22.60%,38,160,0.15%,-0.27%,-2.33%,-2.44%,86.27,88.77,0.57,AA+,4.33%,130.91,130.1,85,41.3,115,-3.00%,7,中金转债
170,亚泰转债!,128066,2019/5/14,郑中设计,2811,建筑,装饰工程,116.793,0.15%,0.83%,10.87,1.30%,3,0.50%,117.5,9.67,1.3,112.41,3.90%,转股中,4.65年,2.65年,16.40%,18.40%,4.8,29,0.13%,-0.53%,-4.13%,-4.38%,89.03,91.4,0.75,AA-,5.68%,120.69,121.2,9,29.8,13,0.10%,60,亚泰转债!
177,核建转债!,113024,2019/4/26,中国核建,601611,建筑,建筑工程,109.26,-0.96%,0.14%,8.88,-1.66%,43,1.30%,109.7,9.76,2.3,90.98,20.10%,转股中,4.63年,2.63年,12.70%,11.60%,30,235,0.09%,-0.30%,-2.04%,-2.25%,93.36,93.1,0.5,AAA,3.68%,129.36,127.5,53,34.2,38,12.20%,44,核建转债!
27,美联转债,123057,2020/7/27,美联新材,300586,化工,橡胶塑料,117.88,0.25%,-1.53%,10.14,-1.84%,20,7.90%,118.2,9.91,3.43,102.32,15.20%,4月18天,5.86年,3.86年,4.50%,4.60%,2.1,46,0.05%,-0.49%,-3.07%,-3.25%,83.08,85.41,0.7,AA-,5.83%,133.08,133.4,114,48,169,5.20%,3,美联转债
137,金力转债!,123033,2019/11/25,金力永磁,300748,电子,元器件制,121.716,-0.57%,1.21%,41.51,1.00%,113,21.20%,121.9,41.09,13.53,101.02,20.50%,转股中,5.19年,3.19年,2.50%,2.60%,4.4,172,0.03%,-0.69%,-4.25%,-4.54%,87.39,91.61,0.65,AA-,5.83%,142.22,142.4,191,50.8,182,-0.50%,25,金力转债!
156,合兴转债!,128071,2019/9/16,合兴包装,2228,造纸包装,包装材料,114.662,-1.15%,1.58%,4.35,0.69%,2,0.30%,114.8,4.28,1.7,101.64,12.80%,转股中,4.98年,2.98年,11.70%,11.90%,6,51,0.02%,-0.51%,-3.28%,-3.48%,89.54,91.77,0.63,AA,4.68%,127.46,127.7,57,35.9,55,-4.80%,27,合兴转债!
24,宁建转债,113036,2020/8/6,宁波建工,601789,建筑,建筑工程,117.21,-0.33%,0.74%,5.04,0.60%,4.3,0.70%,117.3,4.86,1.66,103.7,13.00%,4月22天,5.87年,3.87年,11.00%,11.40%,5.4,49,0.01%,-0.50%,-2.99%,-3.16%,85.95,89.38,0.68,AA,4.83%,130.21,130.7,90,41.3,116,-0.80%,3,宁建转债
133,白电转债,113549,2019/12/11,白云电器,603861,能源电力,电力设备,115.66,-0.53%,1.42%,9.16,1.33%,1.6,0.20%,115.1,8.88,1.75,103.15,12.10%,转股中,5.23年,3.23年,21.30%,21.90%,8.8,41,-0.09%,-0.61%,-3.22%,-3.41%,88.39,90.36,0.67,AA,4.83%,127.76,128.2,64,37.8,78,4.30%,33,白电转债
165,文灿转债!,113537,2019/7/5,文灿股份,603348,汽车,零部件制,122.2,-2.61%,5.94%,23.54,4.34%,321,45.20%,121.5,19.78,2.38,119.01,2.70%,转股中,4.80年,2.80年,10.10%,12.00%,5.7,56,-0.12%,-0.88%,-5.22%,-5.48%,88.8,93.79,0.77,AA-,5.68%,124.9,125.4,35,31.6,20,15.60%,27,文灿转债!
240,敖东转债!,127006,2018/5/11,吉林敖东,623,金融,证券行业,108.5,-0.05%,0.09%,16.96,0.12%,2,0.10%,108,20.42,0.9,83.06,30.60%,转股中,3.56年,1.56年,12.20%,10.10%,24,197,-0.13%,-0.55%,-3.72%,-3.90%,94.77,93.54,0.33,AA+,4.18%,139.1,133.9,122,39.2,94,-1.50%,27,敖东转债!
115,东风转债,113030,2020/1/20,东风股份,601515,造纸包装,包装材料,118.1,-0.34%,1.20%,7.04,1.29%,4.6,1.30%,117.3,6.75,2.25,104.3,13.20%,转股中,5.34年,3.34年,3.10%,3.30%,3,94,-0.13%,-0.70%,-3.65%,-3.85%,88.14,91.65,0.67,AA,4.83%,131.3,131.9,102,40.3,104,-0.50%,15,东风转债
173,创维转债!,127013,2019/5/16,创维数字,810,电子,电子产品,118.814,0.26%,0.05%,11.69,0.52%,7.7,0.70%,117.9,11.39,3.31,102.63,15.80%,转股中,4.65年,2.65年,7.90%,8.10%,9.8,124,-0.17%,-0.84%,-4.86%,-5.08%,91.03,95.71,0.61,AA,4.68%,134.61,135,132,39.3,96,-4.70%,23,创维转债!
64,维尔转债,123049,2020/5/12,维尔利,300190,城市公用,三废处理,126.01,-0.59%,0.76%,8.84,0.23%,11,0.90%,124.8,7.48,1.76,118.18,6.60%,58天,5.64年,3.64年,13.20%,15.60%,9.2,69,-0.17%,-0.90%,-4.80%,-5.01%,84.62,91.33,0.76,AA-,5.83%,132.61,133.8,121,42.5,126,0.70%,10,维尔转债
75,利群转债!,113033,2020/4/21,利群股份,601366,商业零售,商场,116.44,0.09%,0.19%,7.79,0.39%,17,0.80%,115.3,7.01,1.46,111.13,4.80%,47天,5.61年,3.61年,26.90%,29.80%,18,67,-0.18%,-0.66%,-3.03%,-3.21%,87.02,88.96,0.73,AA,4.83%,121.24,121.8,13,32.8,27,14.30%,34,利群转债!
279,广汽转债!!,113009,2016/2/4,广汽集团,601238,汽车,乘用车,107.88,0.19%,-0.20%,10.36,-0.67%,3.4,0.10%,107.5,14.26,1.33,72.65,48.50%,转股中,1.42年,回售中,2.40%,1.70%,25,1061,-0.25%,-1.24%,回售中,回售中,100.25,102.36,0.03,AAA,3.55%,156.38,143.1,196,40.8,109,-1.10%,14,广汽转债!!
232,湖广转债!,127007,2018/8/1,湖北广电,665,传媒娱乐,影视娱乐,113.44,-0.58%,0.58%,5.58,0.00%,8.8,0.60%,112.3,5.58,0.84,100,13.40%,转股中,3.85年,1.85年,22.20%,22.20%,12,55,-0.27%,-0.85%,-4.80%,-5.05%,94.71,96.2,0.57,AA+,4.18%,126.84,126.9,45,30.7,18,1.50%,17,湖广转债!
22,湖盐转债,110071,2020/7/31,湖南盐业,600929,食品饮料,食品饮料,117.11,1.47%,2.99%,7.44,5.83%,54,6.40%,115.2,6.6,2.71,112.73,3.90%,4月29天,5.88年,3.88年,10.50%,11.90%,7.2,68,-0.28%,-0.74%,-2.98%,-3.15%,85.81,87.72,0.77,AA,4.83%,121.01,121.5,11,33.8,33,6.50%,6,湖盐转债
205,台华转债!,113525,2019/1/11,台华新材,603055,服装纺织,纺织行业,116.31,-0.29%,0.97%,8.28,1.10%,10,1.80%,114.9,8.03,2.44,103.11,12.80%,转股中,4.32年,2.32年,7.40%,7.60%,4.7,64,-0.29%,-0.90%,-4.67%,-4.91%,92.4,94.69,0.62,AA,4.68%,129.11,129.5,74,34.8,44,-3.80%,22,台华转债!
82,联创转债!,128101,2020/4/13,联创电子,2036,电子,液晶显示,117.018,0.36%,0.92%,12.77,2.49%,30,8.60%,115.1,14.48,3.93,88.19,32.70%,30天,5.56年,3.56年,2.50%,2.20%,3,119,-0.30%,-0.78%,-3.24%,-3.41%,87.01,88.96,0.51,AA,4.83%,149.72,145.8,209,56.9,213,8.90%,14,联创转债!
175,明泰转债!,113025,2019/5/7,明泰铝业,601677,有色金属,铝金属,117,0.81%,0.50%,11.62,2.02%,25,1.20%,115.1,11.2,1.01,103.75,12.80%,转股中,4.63年,2.63年,25.70%,26.70%,18,72,-0.36%,-0.94%,-4.34%,-4.57%,91.11,93.52,0.65,AA,4.68%,129.8,130.3,87,36.7,68,6.40%,31,明泰转债!
207,光华转债!,128051,2019/1/9,光华科技,2741,电子,元器件制,117.59,-0.01%,0.42%,13.6,0.59%,3.4,1.10%,115.5,12.72,4.33,106.92,10.00%,转股中,4.31年,2.31年,4.90%,5.30%,2.5,51,-0.42%,-1.06%,-4.95%,-5.22%,90.69,91.53,0.7,AA-,5.68%,127.59,128.3,65,36.7,67,-2.10%,23,光华转债!
117,永创转债!,113559,2020/1/10,永创智能,603901,机械装备,专用设备,121.7,2.18%,1.21%,11.46,4.56%,21,3.30%,118.9,10.32,3.79,111.05,9.60%,转股中,5.34年,3.34年,10.10%,11.20%,5.1,50,-0.45%,-1.06%,-4.19%,-4.44%,86.35,88.6,0.74,AA-,5.83%,131.3,132.4,107,43.8,138,12.30%,24,永创转债!
231,博世转债!,123010,2018/8/14,博世科,300422,城市公用,三废处理,114.28,1.58%,1.89%,12.6,5.18%,73,15.00%,112.3,12.2,2.6,103.28,10.70%,转股中,3.87年,1.87年,8.40%,8.70%,4.3,51,-0.46%,-1.03%,-5.10%,-5.35%,91.94,91.05,0.67,AA-,5.68%,124.98,125.3,33,33.3,29,3.30%,23,博世转债!
5,城地转债,113596,2020/8/20,城地股份,603887,通信互联,通信设备,116.71,-1.27%,0.62%,30.07,-0.89%,143,10.20%,113.5,29.21,2.38,102.94,13.40%,5月16天,5.93年,3.93年,10.60%,10.90%,12,113,-0.48%,-0.88%,-2.84%,-3.01%,82.49,81.63,0.73,AA-,5.83%,130.11,130.5,88,48,167,-2.90%,3,城地转债
247,道氏转债!!,123007,2018/1/26,道氏技术,300409,建筑,建筑行业,113.287,0.13%,0.36%,12.84,1.26%,4.4,1.30%,111.3,14.95,2.45,85.89,31.90%,转股中,3.35年,1.35年,5.10%,4.40%,3,59,-0.54%,-1.15%,-6.23%,-6.56%,94.64,92.87,0.39,AA-,5.68%,145.19,140.7,179,46,149,1.20%,15,道氏转债!!
210,华源转债!,128049,2018/12/20,华源控股,2787,造纸包装,包装材料,118.064,0.05%,0.84%,8.32,1.22%,7,1.50%,115.2,7.42,1.8,112.13,5.30%,转股中,4.27年,2.27年,15.50%,17.30%,4,26,-0.59%,-1.22%,-5.31%,-5.57%,90.66,91.51,0.73,AA-,5.68%,123.36,124,28,32.5,24,4.60%,56,华源转债!
269,林洋转债!,113014,2017/11/13,林洋能源,601222,能源电力,电力设备,112.4,-0.19%,-0.06%,6.76,-1.02%,38,1.10%,110.3,8.54,1.22,79.16,42.00%,转股中,3.18年,1.18年,25.40%,20.10%,30,118,-0.60%,-1.20%,-6.47%,-6.84%,96.72,95.69,0.24,AA,4.68%,154.4,145.6,206,48.9,172,-11.80%,24,林洋转债!
69,滨化转债,113034,2020/4/30,滨化股份,601678,化工,化工,119,0.63%,-0.49%,5.15,0.19%,13,0.40%,115.1,4.68,1.27,110.04,8.10%,55天,5.63年,3.63年,30.20%,33.20%,24,80,-0.60%,-1.07%,-3.61%,-3.78%,86.73,88.67,0.73,AA,4.83%,127.1,128,62,39.3,97,-1.10%,28,滨化转债
59,交科转债,128107,2020/5/22,浙江交科,2061,建筑,建筑工程,119.32,-0.81%,1.30%,5.97,0.67%,26,0.90%,115.3,5.36,1.06,111.38,7.10%,2月7天,5.67年,3.67年,30.40%,33.90%,25,82,-0.61%,-1.09%,-3.60%,-3.78%,88.37,91.11,0.72,AA+,4.33%,126.42,127.3,51,36.2,60,2.80%,14,交科转债
6,三超转债,123062,2020/8/17,三超新材,300554,机械装备,通用设备,124.8,-0.39%,0.73%,21.28,0.38%,63,26.00%,119.7,17.17,3.96,123.94,0.70%,5月13天,5.93年,3.93年,9.80%,12.10%,2,20,-0.72%,-1.28%,-4.26%,-4.46%,75.09,74.5,0.89,A,8.53%,125.5,125.7,37,50.6,179,-1.30%,3,三超转债
153,九洲转债,123030,2019/9/12,九洲集团,300040,能源电力,电力设备,124.471,-0.08%,0.08%,6.83,0.00%,6.8,1.90%,120,5.65,1.2,120.88,3.00%,转股中,4.99年,2.99年,12.10%,14.60%,2.8,23,-0.74%,-1.42%,-5.72%,-5.91%,87.06,91.53,0.78,AA-,5.68%,127.47,128.1,63,36.5,64,-3.30%,31,九洲转债
258,特一转债!,128025,2017/12/28,特一药业,2728,医药,化学制药,112.5,-0.08%,-0.17%,14.8,-0.40%,2.7,0.80%,109.8,14.7,2.6,100.68,11.70%,转股中,3.29年,1.29年,9.90%,10.00%,3,30,-0.75%,-1.30%,-6.21%,-6.52%,94.69,91.9,0.63,AA-,5.68%,124.2,124.3,30,29.6,12,-3.20%,42,特一转债!
110,正裕转债!,113561,2020/2/10,正裕工业,603089,汽车,零部件制,123.41,0.11%,0.50%,12.68,0.71%,3.4,1.00%,118.5,10.23,2.37,123.95,-0.40%,转股中,5.36年,3.36年,10.30%,12.80%,2.7,26,-0.77%,-1.37%,-4.62%,-4.86%,81.33,81.12,0.86,A+,7.53%,123.01,122.9,19,41.5,118,6.50%,32,正裕转债!
244,大族转债!,128035,2018/3/5,大族激光,2008,机械装备,专用设备,111,-0.01%,0.06%,37.41,0.48%,4.3,0.20%,108,52.1,4.77,71.8,54.60%,转股中,3.46年,1.46年,5.80%,4.10%,23,399,-0.80%,-1.23%,-3.71%,-4.21%,97.7,93.92,0.11,AA+,4.18%,165.6,150.2,225,52.5,195,-5.90%,19,大族转债!
178,司尔转债!,128064,2019/5/7,司尔特,2538,化工,农化,119.207,0.00%,0.00%,6.73,0.00%,10,1.10%,114.9,6.07,1.29,110.87,7.50%,转股中,4.63年,2.63年,16.60%,18.40%,8,48,-0.81%,-1.37%,-5.01%,-5.22%,91.11,93.37,0.72,AA,4.68%,126.71,127.5,54,34.2,37,13.90%,55,司尔转债!
4,科华转债,128124,2020/8/20,科华生物,2022,医药,生物制药,115.648,-0.62%,0.62%,20.46,0.00%,122,14.20%,110.3,21.5,4.37,95.16,21.50%,5月15天,5.93年,3.93年,7.00%,6.70%,7.4,105,-0.81%,-1.12%,-2.79%,-2.93%,85.05,83.74,0.63,AA,4.83%,137.15,136.1,144,51.1,187,-7.20%,3,科华转债
246,江银转债!,128034,2018/2/14,江阴银行,2807,金融,银行行业,112.26,0.23%,-0.23%,4.32,0.00%,5.4,0.30%,109.1,4.5,0.81,96,16.90%,转股中,3.43年,无权,18.70%,18.00%,18,94,-0.84%,-1.33%,无权,无权,无权,95.01,0.53,AA+,4.18%,129.16,128.5,67,33.5,31,0.20%,29,江银转债!
8,国投转债,110073,2020/8/20,国投资本,600061,金融,证券行业,116.32,0.28%,-0.07%,14.82,0.34%,962,10.40%,110.5,15.25,1.58,97.18,19.70%,5月13天,5.92年,无权,12.80%,12.40%,80,626,-0.87%,-1.19%,无权,无权,无权,88.68,0.6,AAA,3.83%,136.02,135.5,138,46.8,156,-0.60%,13,国投转债
209,福能转债!,110048,2018/12/28,福能股份,600483,能源电力,电力供应,118.22,-1.60%,0.46%,8.26,-1.90%,18,0.50%,113.9,8.12,1.05,101.72,16.20%,转股中,4.29年,2.29年,19.50%,19.80%,28,145,-0.88%,-1.46%,-5.35%,-5.60%,93.59,95.89,0.6,AA+,4.18%,134.42,134.7,129,38.8,91,-6.30%,8,福能转债!
134,利德转债!,123035,2019/12/9,利亚德,300296,电子,LED制,121.38,-0.12%,-0.20%,6.46,-0.62%,0.7,0.10%,115.6,6.98,1.95,92.55,31.20%,转股中,5.23年,3.23年,4.90%,4.50%,8,164,-0.95%,-1.47%,-4.48%,-4.69%,90.32,93.09,0.52,AA+,4.33%,152.58,150.2,226,57.1,214,-4.80%,16,利德转债!
9,兴森转债,128122,2020/8/17,兴森科技,2436,电子,元器件制,119.2,0.17%,0.18%,12.58,0.72%,17,5.30%,113.3,14.18,6.52,88.72,34.40%,5月10天,4.92年,3.92年,1.40%,1.30%,2.7,187,-1.04%,-1.52%,-3.39%,-3.55%,86.1,90.7,0.49,AA,4.68%,153.6,149.7,221,59,223,-2.20%,2,兴森转债
38,比音转债,128113,2020/7/15,比音勒芬,2832,服装纺织,服装行业,124.588,0.47%,0.56%,16.63,1.40%,7.2,0.80%,117.3,14.9,4.44,111.61,11.60%,4月1天,5.81年,3.81年,7.90%,8.80%,6.9,87,-1.05%,-1.56%,-4.52%,-4.69%,86.18,89.62,0.74,AA,4.83%,136.19,137.6,158,47.9,166,5.80%,3,比音转债
46,宝通转债,123053,2020/7/1,宝通科技,300031,通信互联,互联网,129.037,0.83%,1.30%,23.11,2.89%,39,6.10%,121.3,20.8,3.3,111.11,16.10%,3月21天,5.79年,3.79年,5.50%,6.10%,5,92,-1.08%,-1.70%,-5.31%,-5.50%,83.52,88.01,0.74,AA-,5.83%,145.14,147,213,59,222,-4.80%,3,宝通转债
152,哈尔转债!,128073,2019/9/11,哈尔斯,2615,其他,家居用品,120.9,0.60%,1.85%,6.29,3.45%,1140,311%,115.7,5.72,3.17,109.97,9.90%,转股中,4年0.1天,2年0.1天,11.60%,12.80%,3,26,-1.11%,-1.79%,-7.42%,-7.61%,90.99,93.1,0.71,AA-,5.68%,130.8,131.8,98,38.7,89,14.10%,36,哈尔转债!
7,国光转债,128123,2020/8/19,国光股份,2749,化工,农化,123.98,0.21%,-0.26%,14.39,-0.07%,41,10.30%,116.2,13.7,4.58,105.04,18.00%,5月13天,5.93年,3.93年,5.20%,5.40%,3.2,62,-1.11%,-1.58%,-4.21%,-4.39%,82.76,83.64,0.75,AA-,5.83%,141.98,142.9,194,59.3,225,0.40%,2,国光转债
188,亨通转债!,110056,2019/4/16,亨通光电,600487,通信互联,通信设备,120.82,-0.53%,0.57%,16.4,0.06%,7.6,0.40%,114.8,15.58,2.33,105.26,14.80%,转股中,4.57年,2.57年,5.30%,5.60%,17,320,-1.13%,-1.70%,-5.60%,-5.82%,92.43,95.54,0.64,AA+,4.18%,135.62,136.4,149,40.8,110,-0.70%,29,亨通转债!
116,淮矿转债!,110065,2020/1/13,淮北矿业,600985,煤炭,煤炭开采,117.84,-0.55%,1.96%,9.87,2.07%,26,0.80%,111,9.33,1.1,105.79,11.40%,转股中,5.34年,3.34年,12.90%,13.60%,28,214,-1.13%,-1.51%,-3.67%,-3.85%,90.84,91.17,0.68,AAA,3.83%,129.24,129.9,83,38.7,88,6.90%,23,淮矿转债!
103,奥瑞转债!,128096,2020/3/16,奥瑞金,2701,造纸包装,包装材料,123.252,-0.12%,1.69%,5.43,2.07%,4.4,0.30%,116,4.64,2.21,117.03,5.30%,转股中,5.47年,3.47年,8.50%,10.00%,11,128,-1.13%,-1.63%,-4.53%,-4.74%,89.59,92.47,0.76,AA+,4.33%,128.55,129.5,73,37,71,0.40%,24,奥瑞转债!
257,众兴转债!,128026,2018/1/3,众兴菌业,2772,农业,种植业,114.569,1.39%,0.30%,10.75,3.17%,21,2.00%,110.3,11.45,1.66,93.89,22.00%,转股中,3.31年,1.31年,23.20%,21.80%,9.2,40,-1.17%,-1.73%,-7.14%,-7.47%,94.82,92.25,0.53,AA-,5.68%,136.57,135.3,135,40.4,106,4.20%,58,众兴转债!
159,荣晟转债!,113541,2019/8/13,荣晟环保,603165,造纸包装,包装用纸,121.7,0.99%,0.36%,13.88,1.68%,4.2,1.00%,115,11.54,1.7,120.28,1.20%,转股中,4.92年,2.92年,9.60%,11.50%,3.3,34,-1.17%,-1.70%,-5.16%,-5.36%,87.43,88.11,0.8,AA-,5.68%,122.9,123.1,21,35,47,3.40%,51,荣晟转债!
63,聚飞转债,123050,2020/5/15,聚飞光电,300303,电子,LED制,133.05,0.04%,1.61%,6.51,2.04%,13,1.40%,124.2,5.18,3.68,125.68,5.90%,59天,5.64年,3.64年,8.50%,10.60%,7.1,83,-1.24%,-1.93%,-6.29%,-6.48%,84.1,90.8,0.81,AA-,5.83%,138.95,140.4,177,49.6,175,-3.70%,9,聚飞转债
251,蒙电转债!,110041,2018/1/9,内蒙华电,600863,能源电力,电力供应,114.99,-0.02%,-0.38%,2.64,-0.75%,3.7,0.20%,110.3,2.69,1.3,98.14,17.20%,转股中,3.33年,1.33年,12.20%,12.00%,19,153,-1.27%,-1.83%,-7.25%,-7.58%,97.42,98.04,0.53,AAA,3.68%,132.19,131.8,99,33.8,35,1.30%,9,蒙电转债!
49,楚江转债,128109,2020/6/23,楚江新材,2171,有色金属,铜金属,124,-0.56%,0.34%,9.51,-0.31%,14,0.60%,115.3,8.73,2.38,108.93,13.80%,3月20天,5.78年,3.78年,14.40%,15.70%,18,127,-1.27%,-1.73%,-4.44%,-4.61%,86.31,88.23,0.72,AA,4.83%,137.8,139.1,168,50.8,183,-1.60%,4,楚江转债
193,拓邦转债,128058,2019/4/8,拓邦股份,2139,电子,电子产品,130.099,2.85%,1.56%,6.76,5.79%,132,17.80%,122.6,5.47,2.8,123.58,5.30%,转股中,4.54年,2.54年,8.20%,10.20%,5.7,70,-1.33%,-2.15%,-7.86%,-8.14%,92.49,100.13,0.76,AA,4.68%,135.4,136.6,151,36.5,62,10.20%,21,拓邦转债
58,康隆转债,113580,2020/5/20,康隆达,603665,服装纺织,服装行业,130.75,-0.66%,0.24%,19.85,-0.50%,11,4.10%,121.2,15.51,1.91,127.98,2.20%,2月8天,5.67年,3.67年,6.80%,8.70%,2,29,-1.35%,-1.98%,-5.82%,-6.01%,83.98,88.5,0.83,AA-,5.83%,132.95,133.5,115,45,144,-4.20%,8,康隆转债
43,永兴转债,128110,2020/7/8,永兴材料,2756,钢铁,炼钢,122.3,0.25%,0.03%,18.18,0.39%,2.4,0.30%,113.2,17.16,1.89,105.94,15.40%,3月25天,5.80年,3.80年,10.70%,11.30%,7,65,-1.35%,-1.75%,-4.11%,-4.28%,86.15,86.55,0.71,AA,4.83%,137.7,138.7,166,52.1,193,-3.40%,4,永兴转债
182,现代转债,110057,2019/4/30,现代制药,600420,医药,化学制药,117.91,-0.19%,-0.43%,10.41,-0.95%,14,0.70%,110.8,9.89,1.43,105.26,12.00%,转股中,4.61年,2.61年,15.10%,15.90%,16,107,-1.37%,-1.79%,-4.69%,-4.91%,93.53,94.11,0.65,AAA,3.68%,129.91,130.6,89,36.5,61,-4.20%,22,现代转债
99,天目转债,113564,2020/3/16,天目湖,603136,旅游餐饮,旅游,136.68,-0.68%,0.47%,31.5,-0.25%,4.6,1.10%,126.7,23.8,4.17,132.35,3.30%,16天,5.52年,3.52年,8.20%,10.90%,3,37,-1.39%,-2.17%,-7.07%,-7.28%,85.12,93.33,0.84,AA-,5.83%,139.98,141,180,47.7,164,7.80%,12,天目转债
234,华通转债!,128040,2018/7/13,华通医药,2758,医药,医药商业,118.609,0.10%,0.35%,11.41,0.71%,1.3,0.50%,112.3,11.29,3.79,101.06,17.40%,转股中,3.81年,1.81年,9.30%,9.40%,2.2,24,-1.45%,-2.02%,-7.02%,-7.27%,92.23,91.33,0.63,AA-,5.68%,136.01,136.2,146,43.9,140,-1.30%,30,华通转债!
176,鼎胜转债!,113534,2019/4/30,鼎胜新材,603876,有色金属,小金属,122.99,0.69%,-0.73%,16.19,-0.06%,4.9,0.30%,114.9,15.18,1.91,106.65,15.30%,转股中,4.63年,2.63年,17.10%,18.20%,12,70,-1.49%,-2.05%,-6.07%,-6.28%,91.1,93.36,0.68,AA,4.68%,138.29,139.3,170,46,147,-1.60%,33,鼎胜转债!
1,N华阳转,128125,今日上市,华阳国际,2949,建筑,建筑工程,129.487,29.50%,0.00%,32.82,1.36%,803,138%,118.5,25.79,5.73,127.26,1.80%,5月17天,5.94年,3.94年,7.00%,8.90%,4.5,64,-1.51%,-2.03%,-5.28%,-5.44%,82.47,85.18,0.85,AA-,5.83%,131.29,131.7,96,46.5,152,3.00%,1,N华阳转
88,华安转债!,110067,2020/4/9,华安证券,600909,金融,证券行业,120.2,0.98%,1.16%,9,3.33%,90,2.70%,110.5,8.67,2.39,103.81,15.80%,27天,5.55年,无权,8.60%,8.90%,28,326,-1.52%,-1.86%,无权,无权,无权,89.92,0.65,AAA,3.83%,136,136.6,150,46.7,154,6.80%,26,华安转债!
194,博彦转债,128057,2019/4/2,博彦科技,2649,计算机及,软件开发,125.5,0.41%,0.76%,10.82,1.41%,62,9.20%,117.1,8.72,2.08,124.08,1.10%,转股中,4.53年,2.53年,9.40%,11.70%,5.4,57,-1.55%,-2.19%,-6.92%,-7.15%,89.39,91.65,0.83,AA-,5.68%,126.6,126.9,46,35.3,50,9.50%,30,博彦转债
146,金能转债,113545,2019/11/7,金能科技,603113,煤炭,炼焦,125,0.04%,1.48%,13.42,1.98%,25,1.40%,115.3,11.4,1.58,117.72,6.20%,转股中,5年53天,3年53天,16.50%,19.50%,15,91,-1.59%,-2.10%,-5.52%,-5.71%,88.96,90.93,0.77,AA,4.83%,131.2,132.3,106,41.4,117,-3.80%,22,金能转债
148,游族转债!!,128074,2019/10/21,游族网络,2174,通信互联,互联网,130.5,1.27%,0.79%,21.3,2.06%,50,5.60%,120.3,17.06,3.74,124.85,4.50%,转股中,5年32天,3年32天,3.50%,4.40%,6.8,195,-1.62%,-2.28%,-6.86%,-7.06%,89.2,95.11,1,AA,4.83%,135,136.1,145,41,112,-0.40%,22,游族转债!!
104,柳药转债,113563,2020/2/24,柳药股份,603368,医药,医药商业,123.47,0.99%,0.91%,26.39,2.60%,12,1.20%,113.2,24.47,2.08,107.85,14.50%,转股中,5.40年,3.40年,8.40%,9.00%,8,96,-1.62%,-2.05%,-4.82%,-5.00%,87.78,88.18,0.73,AA,4.83%,137.97,139.1,169,50.9,184,3.10%,15,柳药转债
67,应急转债,123048,2020/5/11,中船应急,300527,机械装备,专用设备,123.99,0.17%,-0.46%,10.39,-0.38%,5.4,0.50%,113.1,8.9,4.49,116.74,6.20%,55天,5.63年,3.63年,8.60%,10.10%,8.2,95,-1.65%,-2.05%,-4.65%,-4.82%,88.31,89.47,0.76,AA+,4.33%,130.19,131.2,93,41.8,119,1.70%,11,应急转债
112,汽模转2,128090,2020/1/23,天汽模,2510,汽车,零部件制,126,-0.98%,-0.96%,5.19,-2.44%,384,63.70%,115.2,4.21,1.79,123.28,2.20%,转股中,5.35年,3.35年,9.90%,12.10%,4.7,47,-1.69%,-2.18%,-5.44%,-5.63%,88.01,89.96,0.79,AA,4.83%,128.2,128.7,69,38.8,90,8.00%,27,汽模转2
274,骆驼转债!,113012,2017/7/18,骆驼股份,601311,汽车,零部件制,112.69,3.11%,0.08%,9.06,7.99%,222,39.00%,107.8,10.06,1.17,90.06,25.10%,转股中,2.59年,0.59年,5.00%,4.50%,5.1,102,-1.73%,-2.28%,-13.60%,-14.00%,98.21,96.25,0.4,AA,4.55%,137.79,135.3,136,37.1,72,18.40%,17,骆驼转债!
171,永鼎转债!,110058,2019/5/8,永鼎股份,600105,通信互联,通信设备,124.54,2.02%,0.49%,6.35,3.08%,108,9.90%,114.9,5.04,3.25,125.99,-1.20%,转股中,4.65年,2.65年,11.20%,14.10%,8.8,79,-1.75%,-2.31%,-6.45%,-6.66%,91.02,93.28,0.81,AA,4.68%,123.34,123.1,20,29.8,14,11.20%,56,永鼎转债!
17,宏川转债,128121,2020/8/7,宏川智慧,2930,交通运输,物流业,125.5,-1.18%,1.36%,20.66,0.24%,11,1.30%,113.3,20.25,3.74,102.02,23.00%,5月6天,5.90年,3.90年,7.30%,7.50%,6.7,92,-1.75%,-2.14%,-4.60%,-4.76%,82.61,81.62,0.74,AA-,5.83%,148.5,149,218,66.4,236,-4.70%,2,宏川转债
199,中天转债!,110051,2019/3/22,中天科技,600522,通信互联,通信设备,123.5,0.43%,-0.31%,11.25,0.18%,19,0.40%,113.9,10.09,1.67,111.5,10.80%,转股中,4.52年,2.52年,11.50%,12.80%,40,345,-1.81%,-2.34%,-6.45%,-6.67%,92.73,95.01,0.71,AA+,4.18%,134.3,135.5,139,40.5,107,-1.80%,29,中天转债!
192,中鼎转2!,127011,2019/4/4,中鼎股份,887,汽车,零部件制,125,-0.28%,0.79%,11.89,0.85%,30,2.00%,115.2,11.59,1.66,102.59,21.80%,转股中,4.54年,2.54年,8.30%,8.50%,12,145,-1.82%,-2.40%,-6.78%,-7.01%,92.77,96.02,0.6,AA+,4.18%,146.8,147.4,215,51.4,188,10.80%,29,中鼎转2!
60,全筑转债,113578,2020/5/19,全筑股份,603030,建筑,装饰工程,131.2,-1.59%,1.71%,6.82,0.15%,36,7.10%,118.3,5.43,1.7,125.6,4.50%,2月5天,5.66年,3.66年,10.50%,13.10%,3.8,37,-1.84%,-2.39%,-5.99%,-6.16%,86.81,91.04,0.8,AA,4.83%,135.7,136.8,152,45.8,145,-3.00%,7,全筑转债
167,三星转债,113536,2019/6/24,三星新材,603578,家电,零部件制,125.52,0.32%,0.60%,23.68,1.20%,7.9,4.20%,114.8,19.54,3.42,121.19,3.60%,转股中,4.77年,2.77年,6.90%,8.30%,1.5,22,-1.88%,-2.42%,-6.46%,-6.66%,90.41,92.66,0.77,AA,4.68%,129.12,129.9,82,37.2,73,-2.10%,39,三星转债
135,川投转债,110061,2019/12/2,川投能源,600674,能源电力,水电,122.41,0.33%,-0.33%,9.88,0.00%,2.5,0.00%,111,9.58,1.61,103.13,18.70%,转股中,5.22年,3.22年,9.20%,9.50%,40,435,-1.89%,-2.26%,-4.87%,-5.06%,91.23,91.56,0.65,AAA,3.83%,141.11,141.7,184,50.1,177,1.80%,16,川投转债
130,烽火转债,110062,2019/12/25,烽火通信,600498,通信互联,通信设备,122.9,-0.49%,0.54%,27.39,0.07%,21,0.60%,111,25.65,3.05,106.78,15.10%,转股中,5.28年,3.28年,9.60%,10.30%,31,321,-1.94%,-2.31%,-4.90%,-5.08%,91.03,91.36,0.69,AAA,3.83%,138,139,167,47.7,163,-2.50%,20,烽火转债
44,寿仙转债,113585,2020/7/7,寿仙谷,603896,医药,中药,132.6,-0.08%,1.14%,40.65,1.17%,23,4.70%,117.8,28.68,4.82,141.74,-6.40%,3月25天,5.80年,3.80年,6.20%,8.70%,3.6,58,-2.06%,-2.58%,-5.97%,-6.15%,83.4,85.41,0.91,AA-,5.83%,126.2,123.5,23,38.1,82,2.70%,8,寿仙转债
158,好客转债,113542,2019/8/23,好莱客,603898,其他,家居用品,127.48,0.81%,-1.60%,19.65,-1.01%,12,1.50%,114.9,16.27,2.61,120.77,5.60%,转股中,4.94年,2.94年,9.90%,12.00%,6,61,-2.12%,-2.63%,-6.56%,-6.75%,89.8,92.03,0.78,AA,4.68%,133.08,134.2,125,42.2,122,1.30%,21,好客转债
102,恩捷转债!,128095,2020/2/28,恩捷股份,2812,电子,元器件制,129.5,-1.15%,1.79%,74.5,0.84%,63,3.00%,115.3,64.49,13.11,115.52,12.10%,转股中,5.47年,3.47年,2.70%,3.10%,16,600,-2.14%,-2.62%,-5.95%,-6.13%,87.59,89.53,0.77,AA,4.83%,141.6,143.5,198,54,200,-3.90%,17,恩捷转债!
48,家悦转债,113584,2020/6/24,家家悦,603708,商业零售,超市,130.47,-0.58%,2.09%,43.44,1.95%,9,1.10%,115.3,37.97,8.54,114.41,14.00%,3月22天,5.79年,3.79年,2.40%,2.80%,6.5,264,-2.15%,-2.60%,-5.67%,-5.83%,86.29,88.22,0.78,AA,4.83%,144.47,146.5,210,58.3,219,2.10%,2,家悦转债
114,联得转债,123038,2020/1/22,联得装备,300545,机械装备,专用设备,133.505,1.75%,0.85%,33.33,2.90%,24,9.20%,119.1,25.29,6.84,131.79,1.30%,转股中,5.34年,3.34年,4.20%,5.50%,2,48,-2.16%,-2.76%,-6.86%,-7.07%,81.16,81.57,0.9,A+,7.53%,134.81,135.2,134,53.6,198,5.10%,14,联得转债
97,桐20转债!,113032,2020/3/20,桐昆股份,601233,服装纺织,纺织行业,127.43,0.16%,-1.43%,16.52,-1.67%,23,0.80%,113.1,14.35,1.63,115.12,10.70%,16天,5.53年,3.53年,7.50%,8.70%,23,305,-2.17%,-2.58%,-5.49%,-5.66%,88.71,89.87,0.77,AA+,4.33%,138.13,139.7,173,49.9,176,8.90%,21,桐20转债!
245,无锡转债!,110043,2018/3/14,无锡银行,600908,金融,银行行业,117.67,0.49%,-0.28%,5.95,0.34%,14,0.40%,109.1,5.79,0.96,102.76,14.50%,转股中,3.44年,无权,27.30%,28.00%,30,110,-2.21%,-2.68%,无权,无权,无权,94.97,0.61,AA+,4.18%,132.17,132.6,110,37.6,76,3.30%,34,无锡转债!
163,华钰转债!!,113027,2019/7/10,华钰矿业,601020,有色金属,锌铅镍锡,127.85,-2.58%,-0.23%,12.81,-3.32%,107,25.00%,114.9,10.17,3.27,125.96,1.50%,转股中,4.81年,2.81年,4.70%,5.90%,3.3,71,-2.23%,-2.77%,-6.94%,-7.13%,87.85,88.53,0.84,AA-,5.68%,129.35,129.7,80,41.2,113,-10.70%,48,华钰转债!!
216,张行转债,128048,2018/11/29,张家港行,2839,金融,银行行业,125.3,0.24%,-0.87%,6.37,-0.93%,13,0.40%,113.9,5.76,1.08,110.59,13.30%,转股中,4.22年,无权,21.70%,24.00%,25,115,-2.28%,-2.85%,无权,无权,无权,96.16,0.67,AA+,4.18%,138.6,140,175,43.8,139,1.10%,15,张行转债
124,明阳转债!,113029,2020/1/7,明阳智能,601615,能源电力,风能,127.78,0.61%,-0.13%,15.47,0.59%,55,2.50%,113.3,12.46,2.99,124.16,2.90%,转股中,5.32年,3.32年,7.80%,9.70%,17,217,-2.28%,-2.71%,-5.85%,-6.04%,88.23,88.63,0.82,AA,4.83%,130.68,131.4,95,42.8,129,-0.40%,23,明阳转债!
94,康弘转债,128098,2020/3/31,康弘药业,2773,医药,化学制药,132,-0.06%,-0.18%,43.38,-0.30%,20,0.90%,116.3,35.3,7.9,122.89,7.40%,20天,5.53年,3.53年,4.30%,5.30%,16,380,-2.30%,-2.80%,-6.34%,-6.52%,87.33,90.04,0.81,AA,4.83%,139.4,141.1,183,51.1,186,-6.00%,23,康弘转债
276,洪涛转债!,128013,2016/8/23,洪涛股份,2325,建筑,装饰工程,115,0.62%,-0.62%,3.38,0.00%,76,5.50%,109.8,3.1,1.39,109.03,5.50%,转股中,1.93年,回售中,28.40%,31.00%,12,42,-2.38%,-3.29%,回售中,回售中,100.3,99,0.68,AA-,5.55%,120.5,121,8,20.7,3,0.70%,90,洪涛转债!
96,盛屯转债!,110066,2020/3/31,盛屯矿业,600711,有色金属,有色行业,131.51,0.27%,-1.84%,6.33,-1.86%,51,1.60%,115.3,4.88,1.61,129.71,1.40%,15天,5.53年,3.53年,16.30%,21.20%,24,146,-2.39%,-2.87%,-6.26%,-6.44%,87.36,89.31,0.84,AA,4.83%,132.91,133.3,113,44,141,-1.80%,47,盛屯转债!
235,三力转债!,128039,2018/6/29,三 力 士,2224,机械装备,专用设备,120.22,-0.67%,-0.73%,6.58,-1.79%,8.4,3.40%,109.8,5.81,2.13,113.25,6.20%,转股中,3.79年,1.79年,4.20%,4.80%,2,48,-2.40%,-2.86%,-7.83%,-8.06%,92.09,89.36,0.78,AA-,5.68%,126.42,127.2,50,35.1,48,-1.90%,18,三力转债!
86,三祥转债!,113572,2020/4/9,三祥新材,603663,其他,其他,129.78,1.27%,-0.05%,18.95,1.34%,7.6,2.90%,113.2,14.19,6.49,133.54,-2.80%,27天,5.55年,3.55年,5.70%,7.60%,2.1,36,-2.47%,-2.89%,-5.90%,-6.07%,79.36,76.26,0.92,A+,7.53%,126.98,126,39,46.7,153,0.50%,15,三祥转债!
35,润达转债,113588,2020/7/13,润达医疗,603108,医药,医疗器械,131.8,-0.31%,6.95%,16.03,8.31%,176,24.30%,114.2,13.36,3.33,119.99,9.80%,4月3天,5.82年,3.82年,5.90%,7.10%,5.5,93,-2.47%,-2.89%,-5.88%,-6.04%,86.06,87.22,0.8,AA,4.83%,141.6,143.6,199,56.4,211,6.00%,5,润达转债
21,龙大转债,128119,2020/8/7,龙大肉食,2726,食品饮料,肉制品,140.509,-0.56%,-0.12%,11.6,-0.85%,73,5.50%,120.2,9.56,4.46,121.34,15.80%,4月28天,5.89年,3.89年,8.20%,10.00%,9.5,116,-2.66%,-3.22%,-7.27%,-7.42%,85.78,91.48,0.79,AA,4.83%,156.31,159.7,241,68.2,240,0.20%,4,龙大转债
281,国贸转债!,110033,2016/1/19,厦门国贸,600755,交通运输,交通运输,113.94,-0.49%,0.59%,7.05,0.28%,2.4,0.20%,109.7,7.19,0.94,98.05,16.20%,转股中,1.37年,回售中,9.30%,9.10%,12,130,-2.75%,-4.02%,回售中,回售中,100.28,104.63,0.37,AAA,3.55%,130.14,129.8,81,25.2,8,0.50%,16,国贸转债!
20,欣旺转债,123058,2020/8/7,欣旺达,300207,电子,电子产品,136.66,-0.19%,1.85%,24.48,2.17%,51,3.30%,116.3,21.28,6.62,115.04,18.80%,5月1天,5.89年,3.89年,2.90%,3.40%,11,384,-2.75%,-3.21%,-6.60%,-6.76%,85.86,88.53,0.76,AA,4.83%,155.46,158.3,239,69.8,242,2.40%,3,欣旺转债
36,晨光转债,123055,2020/7/13,晨光生物,300138,食品饮料,食品加工,146,1.98%,-0.92%,16.45,1.23%,52,5.80%,124.3,12.25,4.92,134.29,8.70%,4月3天,5.82年,3.82年,7.50%,10.00%,6.3,84,-2.78%,-3.44%,-8.19%,-8.36%,83.36,90,0.86,AA-,5.83%,154.7,157.7,238,67.7,238,0.70%,4,晨光转债
100,宏辉转债,113565,2020/3/16,宏辉果蔬,603336,农业,农产品加,138.18,2.47%,1.57%,14.69,4.41%,637,141%,118.2,10,3.72,146.9,-5.90%,12天,5.52年,3.52年,6.90%,10.20%,3.3,48,-2.85%,-3.40%,-7.48%,-7.66%,84.73,87.08,0.92,AA-,5.83%,132.28,129.5,72,42.4,124,7.00%,17,宏辉转债
172,雅化转债!,128065,2019/5/10,雅化集团,2497,化工,化工,126.7,-0.24%,0.16%,9.73,-0.10%,2.7,0.30%,110.9,8.95,3.49,108.72,16.50%,转股中,4.65年,2.65年,8.60%,9.30%,8,93,-2.88%,-3.29%,-7.02%,-7.23%,91.02,90.04,0.73,AA,4.68%,143.2,144.7,203,53.7,199,-0.80%,22,雅化转债!
57,健友转债,113579,2020/5/22,健友股份,603707,医药,原料药,134.45,-0.47%,0.07%,49.84,-0.50%,20,3.00%,114.2,42.05,11.1,118.53,13.40%,2月9天,5.67年,3.67年,1.10%,1.30%,5,466,-2.89%,-3.31%,-6.60%,-6.76%,86.68,87.85,0.8,AA,4.83%,147.85,150.4,227,62.5,231,-1.50%,6,健友转债
164,蓝晓转债!,123027,2019/7/4,蓝晓科技,300487,化工,化工,137.2,-1.70%,0.26%,40.5,-1.44%,43,14.80%,119.5,29.33,6.41,138.08,-0.60%,转股中,4.80年,2.80年,2.50%,3.40%,2.1,85,-2.90%,-3.57%,-8.87%,-9.12%,84.72,85.6,1,A+,7.38%,136.6,136.3,147,50.7,181,1.90%,21,蓝晓转债!
52,益丰转债,113583,2020/6/22,益丰药房,603939,医药,医药商业,137.03,0.66%,3.00%,92.1,4.30%,43,2.00%,115.3,71.82,7.4,128.24,6.90%,3月17天,5.78年,3.78年,3.20%,4.10%,16,489,-3.00%,-3.44%,-6.86%,-7.02%,86.34,88.26,0.85,AA,4.83%,143.93,145.8,208,57.6,215,5.70%,7,益丰转债
125,金牌转债,113553,2020/1/7,金牌厨柜,603180,其他,家居用品,146.19,-2.73%,-0.33%,64.71,-3.42%,96,19.30%,124.6,44.14,5.28,146.6,-0.30%,转股中,5.31年,3.31年,5.50%,8.10%,3.4,61,-3.02%,-3.76%,-9.40%,-9.59%,85.69,92.84,0.9,AA-,5.83%,145.89,145.8,207,52.9,196,9.80%,15,金牌转债
149,远东转债,128075,2019/10/31,远东传动,2406,汽车,零部件制,134.55,1.65%,0.84%,7.46,2.90%,137,13.70%,115.2,5.54,1.53,134.66,-0.10%,转股中,5年32天,3年32天,17.00%,22.90%,7.5,44,-3.06%,-3.57%,-7.77%,-7.95%,89.1,91.07,0.86,AA,4.83%,134.45,134.4,128,43.4,132,2.40%,16,远东转债
190,伊力转债!,110055,2019/4/4,伊力特,600197,食品饮料,白酒,132.6,1.69%,1.21%,21.05,3.54%,40,3.50%,115,16.81,3.41,125.22,5.90%,转股中,4.56年,2.56年,9.50%,11.90%,8.7,91,-3.13%,-3.69%,-8.76%,-8.97%,91.48,93.75,0.82,AA,4.68%,138.5,140,174,46.2,150,5.50%,26,伊力转债!
33,雪榕转债,123056,2020/7/24,雪榕生物,300511,农业,种植业,145.54,1.88%,-0.27%,18.04,1.75%,70,8.20%,121.1,11.89,4.06,151.72,-4.10%,4月15天,5.84年,3.84年,7.30%,11.10%,5.9,80,-3.15%,-3.74%,-8.11%,-8.28%,83.08,87.56,0.92,AA-,5.83%,141.44,139.4,171,51.8,191,0.60%,7,雪榕转债
66,华统转债,128106,2020/5/8,华统股份,2840,农业,农产品加,136.031,-1.43%,3.00%,12.53,1.79%,2.7,0.40%,113.2,9.39,2.25,133.44,1.90%,55天,5.63年,3.63年,9.80%,13.10%,5.5,56,-3.26%,-3.66%,-6.95%,-7.11%,86.82,87.23,0.88,AA,4.83%,137.93,138.6,164,51.4,189,-1.80%,7,华统转债
70,长集转债,128105,2020/5/13,长青集团,2616,城市公用,三废处理,138.546,-0.20%,-0.35%,10.75,-0.65%,1.5,0.10%,115.3,8.11,3.24,132.55,4.50%,54天,5.63年,3.63年,10.00%,13.30%,8,80,-3.27%,-3.72%,-7.38%,-7.55%,86.93,88.87,0.85,AA,4.83%,143.05,144.5,201,55.7,207,-0.30%,6,长集转债
183,精测转债!!,123025,2019/4/19,精测电子,300567,电子,液晶显示,137.132,-0.46%,0.42%,60.47,-0.05%,32,7.40%,117.3,49.95,10.63,121.06,13.30%,转股中,4.60年,2.60年,2.10%,2.50%,3.1,149,-3.40%,-4.03%,-9.72%,-9.93%,89.1,91.48,0.8,AA-,5.68%,150.43,153.2,231,61.7,230,-7.40%,18,精测转债!!
277,海印转债!,127003,2016/7/1,海印股份,861,商业零售,商场,119,1.71%,2.95%,3.52,6.34%,50,6.10%,111.8,3,2.2,117.33,1.40%,转股中,1.79年,回售中,8.80%,10.40%,7,79,-3.45%,-4.59%,回售中,回售中,100.3,103.29,0.74,AA,4.55%,120.4,120.7,6,17.4,2,-6.40%,77,海印转债!
119,至纯转债!,113556,2020/1/9,至纯科技,603690,机械装备,专用设备,152.48,-0.12%,0.67%,41.06,0.61%,129,28.40%,126.8,29.37,7.69,139.8,9.10%,转股中,5.33年,3.33年,2.80%,3.90%,3,107,-3.47%,-4.25%,-10.10%,-10.30%,81.52,86.92,0.9,A+,7.53%,161.58,165.2,248,78.2,250,-7.80%,13,至纯转债!
265,久立转2!,128019,2017/12/1,久立特材,2318,石油天然,石油天然,123,-0.46%,0.20%,8.56,-0.35%,1.7,0.10%,109.8,7.62,2.18,112.34,9.50%,转股中,3.21年,1.21年,14.40%,16.20%,10,72,-3.54%,-4.07%,-11.50%,-11.80%,96.34,95.08,0.73,AA,4.68%,132.5,133.7,117,37.3,74,-3.30%,13,久立转2!
109,璞泰转债!,113562,2020/2/4,璞泰来,603659,电子,元器件制,132.5,-0.76%,1.28%,95.67,0.68%,9.2,0.80%,113.3,82.73,12.17,115.64,14.60%,转股中,4.36年,2.36年,2.10%,2.40%,8.7,416,-3.56%,-4.08%,-9.85%,-9.98%,90.95,93.03,0.76,AA,4.68%,147.1,149.4,220,56.3,210,-8.70%,16,璞泰转债!
101,奥佳转债!,128097,2020/3/18,奥佳华,2614,机械装备,专用设备,140.4,1.74%,1.76%,16.16,3.86%,109,6.60%,115.3,10.69,2.71,151.17,-7.10%,11天,5.51年,3.51年,13.20%,20.00%,12,91,-3.57%,-4.04%,-7.95%,-8.12%,87.43,89.36,0.91,AA,4.83%,133.3,129.6,77,40.3,105,16.20%,28,奥佳转债!
128,先导转债,123036,2020/1/10,先导智能,300450,机械装备,专用设备,139.451,1.54%,-1.37%,44.7,0.22%,13,1.00%,115.1,38.99,9.38,114.64,21.60%,转股中,5.30年,3.30年,2.50%,2.90%,10,394,-3.61%,-4.09%,-8.28%,-8.45%,88.1,90.05,0.77,AA,4.83%,161.05,164.3,246,74.2,247,-2.20%,17,先导转债
51,万青转债,127017,2020/7/2,万年青,789,建筑,水泥,146.7,-1.15%,1.01%,17.7,-0.17%,33,2.20%,118.4,14.16,2.71,125,17.40%,3月19天,5.78年,3.78年,7.10%,8.90%,10,141,-3.70%,-4.22%,-8.47%,-8.62%,87.88,93.08,0.78,AA+,4.33%,164.1,168.4,251,75.3,248,-2.90%,5,万青转债
150,桃李转债!,113544,2019/10/15,桃李面包,603866,食品饮料,休闲食品,139.26,1.46%,3.04%,65.34,5.05%,38,2.80%,115.3,46.54,12.85,140.4,-0.80%,转股中,5年29天,3年29天,2.30%,3.30%,10,431,-3.72%,-4.22%,-8.74%,-8.94%,89.23,91.21,0.89,AA,4.83%,138.46,138.1,163,46.9,158,10.40%,18,桃李转债!
166,中环转债,123026,2019/7/1,中环环保,300692,城市公用,三废处理,127.832,0.31%,0.47%,15.38,0.92%,2.3,0.80%,110.6,12.25,2.71,125.55,1.80%,转股中,3.80年,1.80年,8.50%,10.70%,2.2,26,-3.80%,-4.29%,-10.50%,-10.80%,92.25,90.01,0.84,AA-,5.68%,129.63,130.1,86,37.9,80,-2.80%,30,中环转债
12,苏试转债,123060,2020/8/17,苏试试验,300416,机械装备,专用设备,147.55,2.47%,-1.27%,28.49,1.46%,152,33.20%,117.6,23.86,4.55,119.4,23.60%,5月8天,5.91年,3.91年,5.40%,6.40%,3.1,58,-3.83%,-4.32%,-8.30%,-8.46%,82.67,84.67,0.82,AA-,5.83%,171.15,175.7,255,91,257,5.70%,2,苏试转债
260,众信转债!,128022,2017/12/28,众信旅游,2707,旅游餐饮,旅游,124.555,3.07%,1.05%,9.25,5.35%,226,40.10%,109.8,7.91,3.86,116.94,6.50%,转股中,3.28年,1.28年,5.50%,6.40%,4.6,84,-3.85%,-4.37%,-11.60%,-11.90%,96.06,94.81,0.77,AA,4.68%,131.06,132.2,104,36.1,58,-2.50%,25,众信转债!
71,东时转债,113575,2020/4/30,东方时尚,603377,其他,其他,141.48,-0.72%,1.13%,22.51,0.45%,14,2.40%,113.5,14.56,7.7,154.6,-8.50%,54天,5.63年,3.63年,3.20%,5.00%,4.3,132,-3.91%,-4.31%,-7.89%,-8.06%,86.96,87.5,0.93,AA,4.83%,132.98,128.4,66,40.9,111,5.30%,17,东时转债
144,太极转债!,128078,2019/11/8,太极股份,2368,计算机及,软件开发,143.88,-0.43%,-1.20%,31.4,-1.63%,12,0.90%,117.3,22.4,4.22,140.18,2.60%,转股中,5.16年,3.16年,5.30%,7.40%,9.6,181,-3.95%,-4.50%,-9.43%,-9.61%,88.87,92.41,1,AA,4.83%,146.48,147.6,216,55.2,206,-4.20%,12,太极转债!
39,泛微转债,113587,2020/7/14,泛微网络,603039,计算机及,软件开发,156.62,1.92%,4.27%,105,6.70%,67,13.50%,124.3,64.33,17.26,163.22,-4.00%,4月1天,5.81年,3.81年,1.40%,2.30%,3.2,223,-3.97%,-4.62%,-9.82%,-9.98%,83.39,90.03,0.92,AA-,5.83%,152.62,150,223,60,227,17.30%,3,泛微转债
73,裕同转债,128104,2020/4/28,裕同科技,2831,造纸包装,包装材料,144.5,2.66%,3.23%,32.93,6.74%,130,6.50%,115.3,23.24,4.48,141.7,2.00%,52天,5.62年,3.62年,4.80%,6.90%,14,289,-4.00%,-4.45%,-8.42%,-8.59%,88.53,91.26,0.87,AA+,4.33%,146.5,147.3,214,56,208,0.70%,6,裕同转债
280,九州转债!,110034,2016/1/29,九州通,600998,医药,医药商业,116,-0.68%,1.01%,17.9,0.85%,4.9,0.30%,109.6,18.32,1.96,97.71,18.70%,转股中,1.40年,回售中,4.50%,4.40%,15,336,-4.01%,-5.22%,回售中,回售中,103,103.73,0.38,AA+,4.05%,134.7,134.3,126,30.6,17,-1.70%,26,九州转债!
169,一心转债,128067,2019/5/17,一心堂,2727,医药,医药商业,136.274,0.28%,2.66%,35.09,3.42%,21,2.50%,112.9,26.83,4.19,130.79,4.20%,转股中,4.66年,2.66年,3.00%,3.90%,6,201,-4.03%,-4.50%,-9.39%,-9.59%,90.98,91.63,0.86,AA,4.68%,140.47,141.8,185,50.1,178,7.30%,19,一心转债
31,海容转债,113590,2020/7/27,海容冷链,603187,机械装备,通用设备,146.72,-0.56%,2.47%,50.52,2.10%,14,1.90%,115.6,36.39,5.13,138.83,5.70%,4月15天,5.85年,3.85年,6.20%,8.70%,5,80,-4.06%,-4.50%,-8.29%,-8.45%,82.95,83.53,0.91,AA-,5.83%,152.42,154.6,235,71.1,245,-3.60%,3,海容转债
143,英联转债!,128079,2019/11/21,英联股份,2846,造纸包装,包装材料,145.5,1.04%,0.75%,18.73,1.79%,816,365%,117.9,13.41,5.3,139.67,4.20%,转股中,5.16年,3.16年,4.10%,5.80%,1.5,37,-4.07%,-4.63%,-9.67%,-9.86%,81.96,81.74,1,A+,7.53%,149.7,151.3,228,69.4,241,7.90%,18,英联转债!
157,欧派转债,113543,2019/9/4,欧派家居,603833,其他,家居用品,141,-0.42%,0.39%,102.05,-0.04%,111,5.90%,114.9,71.69,4.69,142.35,-0.90%,转股中,4.98年,3.98年,2.20%,3.20%,13,600,-4.09%,-4.59%,-6.89%,-7.10%,87.27,91.86,0.9,AA,4.68%,140.1,139.7,172,47.8,165,5.20%,15,欧派转债
80,天铁转债,123046,2020/4/17,天铁股份,300587,铁路,铁路设备,149.318,-3.03%,1.88%,16.05,-1.23%,24,4.00%,118.2,10.12,2.79,158.6,-5.90%,34天,5.57年,3.57年,8.00%,12.80%,4,50,-4.19%,-4.72%,-9.28%,-9.45%,84.44,86.8,0.93,AA-,5.83%,143.42,140,176,53.2,197,10.00%,9,天铁转债
263,济川转债!,110038,2017/11/29,济川药业,600566,医药,中药,119.03,0.53%,-0.30%,24.44,0.41%,2.4,0.30%,108.3,24.27,3.08,100.7,18.20%,转股中,2.23年,0.23年,3.20%,3.20%,6.3,199,-4.20%,-4.86%,-41.00%,-41.40%,99.3,98.21,0.56,AA,4.55%,137.23,137.4,154,38.1,84,-1.60%,20,济川转债!
87,红相转债,123044,2020/4/13,红相股份,300427,能源电力,电力设备,160.2,0.10%,0.14%,31.1,0.26%,321,34.20%,125.5,18.8,4.81,165.43,-3.20%,27天,5.55年,3.55年,5.20%,8.70%,5.9,111,-4.39%,-5.10%,-10.50%,-10.70%,85.28,92.34,0.92,AA-,5.83%,157,155,236,62.6,232,14.30%,16,红相转债
138,石英转债!,113548,2019/11/22,石英股份,603688,电子,电子产品,157.43,0.20%,-0.28%,23.15,-0.09%,12,4.90%,124.8,15.1,5.16,153.31,2.70%,转股中,5.18年,3.18年,1.90%,2.90%,1.5,80,-4.47%,-5.21%,-11.30%,-11.50%,86.83,93.7,0.9,AA-,5.83%,160.13,161.5,243,67.8,239,-2.40%,10,石英转债!
62,春秋转债,113577,2020/5/13,春秋电子,603890,电子,电子产品,152.87,-1.15%,0.47%,17.25,-0.75%,60,16.20%,118.2,11.06,4.09,155.97,-2.00%,59天,5.64年,3.64年,3.60%,5.60%,2.4,66,-4.54%,-5.06%,-9.68%,-9.85%,84.1,86.45,0.92,AA-,5.83%,150.87,149.8,222,63.3,234,4.70%,8,春秋转债
270,国君转债!,113013,2017/7/24,国泰君安,601211,金融,证券行业,123.94,0.84%,0.14%,19.54,1.66%,29,0.30%,108.3,19.01,1.44,102.79,20.60%,转股中,2.87年,无权,4.00%,4.10%,70,1741,-4.65%,-5.16%,无权,无权,无权,98.12,0.59,AAA,3.55%,144.54,145.1,204,47,159,3.80%,13,国君转债!
53,蓝帆转债,128108,2020/6/19,蓝帆医疗,2382,医药,医疗器械,148.802,-1.43%,1.66%,28.5,0.25%,384,8.10%,113.3,17.79,3.17,160.2,-7.10%,3月13天,5.76年,4.76年,11.40%,18.30%,31,275,-4.70%,-5.08%,-6.80%,-6.99%,84.01,86.78,0.93,AA,4.83%,141.7,137.4,155,50.6,180,-7.40%,14,蓝帆转债
23,安20转债,113592,2020/7/31,安井食品,603345,食品饮料,食品饮料,150.33,-0.13%,0.26%,175.5,0.14%,87,6.40%,113.1,115.9,13.55,151.42,-0.70%,4月25天,5.88年,3.88年,2.20%,3.30%,9,415,-4.80%,-5.17%,-8.85%,-9.00%,85.74,86.14,0.93,AA,4.83%,149.63,149.2,219,63.1,233,17.80%,4,安20转债
219,利尔转债!,128046,2018/11/9,利尔化学,2258,化工,农化,138.01,0.26%,2.34%,23.74,3.08%,6.8,0.60%,112.9,18.62,3.65,127.5,8.20%,转股中,4年56天,2年56天,6.80%,8.70%,8.5,124,-4.81%,-5.33%,-11.80%,-12.00%,93.1,93.76,0.84,AA,4.68%,146.21,148.5,217,54.8,203,3.60%,10,利尔转债!
275,光大转债,113011,2017/7/18,光大银行,601818,金融,银行行业,122.82,0.26%,-0.26%,3.9,0.00%,72,0.20%,108.3,3.76,0.63,103.72,18.40%,转股中,2.57年,无权,14.70%,15.20%,300,2047,-4.86%,-5.42%,无权,无权,无权,99.18,0.6,AAA,3.55%,141.22,141.9,186,42.7,128,0.90%,15,光大转债
213,桐昆转债!,113020,2018/12/12,桐昆股份,601233,服装纺织,纺织行业,138.87,-0.79%,-0.65%,16.52,-1.67%,100,2.10%,112.8,12.28,1.63,134.53,3.20%,转股中,4.24年,2.24年,11.40%,15.30%,35,305,-4.87%,-5.37%,-11.60%,-11.80%,93.68,95.15,0.86,AA+,4.18%,142.07,143.2,197,48.1,170,8.90%,15,桐昆转债!
54,福莱转债,113035,2020/6/17,福莱特,601865,能源电力,太阳能,159.85,0.65%,0.44%,22.61,1.16%,103,4.40%,120.3,13.56,8.85,166.74,-4.10%,3月13天,5.76年,3.76年,3.30%,5.50%,15,441,-4.89%,-5.45%,-10.10%,-10.30%,86.39,92.13,0.94,AA,4.83%,155.75,153,230,60.8,228,-4.80%,4,福莱转债
262,国祯转债!,123002,2017/12/25,国祯环保,300388,城市公用,三废处理,129,0.19%,-0.42%,10.89,-0.27%,6.3,1.20%,109.8,8.48,2.13,128.42,0.50%,转股中,3.26年,1.26年,5.50%,7.00%,4.1,74,-4.92%,-5.43%,-13.70%,-14.00%,96.14,94.89,0.86,AA,4.68%,129.5,129.6,76,33.4,30,2.40%,11,国祯转债!
139,天路转债!,110060,2019/11/28,西藏天路,600326,建筑,水泥,149.03,-1.15%,1.15%,10.83,0.00%,106,8.50%,115.3,7.16,2.61,151.26,-1.50%,转股中,5.18年,3.18年,8.80%,13.30%,8.3,94,-4.92%,-5.40%,-10.10%,-10.30%,88.79,90.76,0.92,AA,4.83%,147.53,146.8,212,56,209,2.50%,13,天路转债!
89,永高转债,128099,2020/4/10,永高股份,2641,建筑,建筑行业,149.088,-1.98%,-2.09%,8.86,-4.53%,17,1.60%,113.2,6.16,2.82,143.83,3.70%,26天,5.55年,3.55年,7.00%,10.10%,7,100,-4.92%,-5.31%,-9.37%,-9.53%,87.16,87.57,0.9,AA,4.83%,152.79,154.3,234,66.8,237,2.10%,9,永高转债
136,通光转债!,123034,2019/11/28,通光线缆,300265,通信互联,通信设备,153.387,-3.14%,3.24%,10.53,0.10%,690,326%,118.5,7.97,3.5,132.12,16.10%,转股中,5.20年,3.20年,3.60%,4.70%,1.4,38,-4.93%,-5.50%,-10.80%,-10.90%,81.71,81.94,1,A+,7.53%,169.49,174.7,254,92.7,259,-4.40%,27,通光转债!
241,长证转债!,127005,2018/4/11,长江证券,783,金融,证券行业,130.5,0.77%,0.02%,8.64,1.05%,44,0.70%,109.3,7.28,1.74,118.68,10.00%,转股中,3.55年,无权,10.50%,12.40%,50,478,-4.95%,-5.40%,无权,无权,无权,96.38,0.75,AAA,3.68%,140.5,142.3,190,45.9,146,-0.30%,16,长证转债!
74,瀚蓝转债,110069,2020/5/7,瀚蓝环境,600323,城市公用,三废处理,151.51,1.13%,-0.69%,28.54,0.49%,19,1.30%,113.5,20.2,3.19,141.29,7.20%,52天,5.62年,3.62年,4.50%,6.40%,9.9,219,-5.06%,-5.46%,-9.90%,-9.99%,87.15,89.68,0.89,AA+,4.33%,158.71,161.7,244,72.1,246,6.20%,6,瀚蓝转债
261,兄弟转债!!,128021,2017/12/27,兄弟科技,2562,医药,原料药,130.5,-3.48%,0.88%,6.74,-2.60%,62,17.10%,109.8,5.25,2.88,128.38,1.70%,转股中,3.27年,1.27年,4.50%,5.80%,2.8,61,-5.24%,-5.75%,-14.20%,-14.50%,96.09,94.85,1,AA,4.68%,132.2,132.6,111,36.5,63,-4.00%,13,兄弟转债!!
111,新天转债,128091,2020/1/17,新天药业,2873,医药,中药,159,-3.64%,2.91%,20.14,-0.84%,1035,362%,120,16.39,3.33,122.88,29.40%,转股中,5.36年,3.36年,7.50%,9.20%,1.8,24,-5.24%,-5.82%,-10.90%,-11.10%,81.71,82.23,0.87,A+,7.53%,188.4,195.1,263,112.9,264,-4.10%,17,新天转债
45,上机转债,113586,2020/7/7,上机数控,603185,机械装备,专用设备,167.33,-0.88%,1.20%,62.6,0.34%,193,17.30%,120.8,33.31,6.29,187.93,-11.00%,3月25天,5.80年,3.80年,4.60%,8.60%,6.7,146,-5.56%,-6.12%,-10.90%,-11.10%,83.4,87.57,0.96,AA-,5.83%,156.33,146.7,211,59.2,224,-6.90%,7,上机转债
132,常汽转债!,113550,2019/12/12,常熟汽饰,603035,汽车,零部件制,163.76,3.02%,1.48%,16.05,4.83%,567,62.70%,121.8,9.65,1.66,166.32,-1.50%,转股中,5.24年,3.24年,11.00%,18.40%,5.5,50,-5.61%,-6.25%,-12.10%,-12.30%,86.58,91.2,0.93,AA-,5.83%,162.26,161.2,242,70,243,16.80%,16,常汽转债!
55,火炬转债,113582,2020/6/23,火炬电子,603678,电子,元器件制,160.5,-2.43%,0.43%,39.61,-2.15%,30,3.10%,115.3,25.33,5.41,156.38,2.60%,3月12天,5.76年,3.76年,3.30%,5.20%,6,179,-5.67%,-6.10%,-10.20%,-10.30%,86.39,88.32,0.93,AA,4.83%,163.1,164.6,247,76.3,249,5.00%,3,火炬转债
282,航信转债!!,110031,2015/6/30,航天信息,600271,计算机及,软件开发,112.28,0.02%,0.02%,17.64,0.80%,5.8,0.20%,107,21.56,2.97,81.82,37.20%,转股中,0.81年,回售中,7.30%,6.00%,24,328,-5.80%,-7.33%,回售中,回售中,100.27,104.29,0.05,AAA,3.23%,149.48,142.7,193,38.4,85,-0.90%,14,航信转债!!
37,正邦转债,128114,2020/7/15,正邦科技,2157,农业,畜牧业,163.108,3.03%,-0.79%,24.12,2.51%,203,7.90%,115.3,16.09,5.84,149.91,8.80%,4月3天,5.82年,3.82年,2.60%,4.00%,16,604,-5.88%,-6.30%,-10.40%,-10.50%,87.8,90.51,0.9,AA+,4.33%,171.91,176.3,256,85.8,254,4.90%,7,正邦转债
250,航电转债,110042,2018/1/15,中航电子,600372,航空航天,航空航天,137.59,-0.66%,0.61%,19.6,-0.05%,198,7.20%,109.3,14.12,4.62,138.81,-0.90%,转股中,3.34年,1.34年,5.70%,8.00%,20,348,-6.78%,-7.24%,-15.80%,-16.10%,97.39,97.12,0.89,AAA,3.68%,136.69,136.4,148,39,93,1.50%,9,航电转债
255,赣锋转债!!,128028,2018/1/19,赣锋锂业,2460,有色金属,小金属,138.699,-1.37%,0.71%,51.8,-0.65%,34,2.60%,109.3,41.98,8.14,123.39,12.40%,转股中,3.33年,1.33年,1.40%,1.70%,9.2,670,-7.00%,-7.47%,-16.70%,-16.80%,95.34,94.09,1,AA,4.68%,151.1,154,233,58.7,220,-7.10%,13,赣锋转债!!
85,博特转债,113571,2020/4/1,苏博特,603916,建筑,水泥,180.51,0.56%,1.05%,36.4,1.68%,42,3.30%,120.8,18.88,4.57,192.8,-6.40%,27天,5.55年,3.55年,6.20%,11.90%,7,113,-7.10%,-7.67%,-13.30%,-13.50%,84.56,88.79,0.96,AA-,5.83%,174.11,168.2,250,79.4,251,14.00%,14,博特转债
34,巨星转债,128115,2020/7/16,巨星科技,2444,机械装备,通用设备,176.1,1.41%,0.46%,22.5,1.95%,65,3.80%,115.3,12.28,3.16,183.22,-3.90%,4月15天,5.84年,3.84年,4.00%,7.40%,9.7,242,-7.11%,-7.52%,-11.40%,-11.60%,88.32,88,0.96,AA,4.83%,172.2,169,252,80.7,252,11.50%,3,巨星转债
212,寒锐转债!!,123017,2018/12/24,寒锐钴业,300618,有色金属,小金属,150.73,-0.18%,4.40%,83.75,4.22%,524,85.10%,110.8,57.4,12.97,145.91,3.30%,转股中,4.25年,2.25年,1.60%,2.30%,4,254,-7.12%,-7.53%,-10.80%,-11.00%,90.53,88.07,1,AA-,5.68%,154.03,155.6,237,65,235,8.50%,13,寒锐转债!!
243,艾华转债!!,113504,2018/3/23,艾华集团,603989,电子,元器件制,143.39,0.40%,0.52%,30.46,0.99%,16,1.90%,110.3,21.13,5.41,144.16,-0.50%,转股中,3.53年,1.53年,4.80%,6.90%,5.7,119,-7.30%,-7.77%,-15.40%,-15.60%,95.2,94.18,0.92,AA,4.68%,142.89,142.6,192,47.4,162,-5.30%,9,艾华转债!!
40,歌尔转2,128112,2020/7/13,歌尔股份,2241,电子,电子产品,178.5,3.90%,2.75%,42.88,6.96%,2001,27.90%,114.5,23.27,8.74,184.27,-3.10%,3月28天,5.81年,3.81年,2.90%,5.30%,40,1391,-7.45%,-7.84%,-12.40%,-12.50%,87.12,89.83,0.96,AA+,4.33%,175.4,172.7,253,82.9,253,9.40%,14,歌尔转2
227,万顺转债,123012,2018/8/29,万顺新材,300057,造纸包装,包装材料,151,-4.61%,4.24%,5.61,-0.53%,725,363%,110.3,5.31,1.12,105.65,42.90%,转股中,3.91年,1.91年,3.40%,3.60%,1.3,38,-7.84%,-8.26%,-13.40%,-13.60%,91.73,89.23,0.7,AA-,5.68%,193.9,196.4,264,104.6,263,2.00%,15,万顺转债
107,希望转债!,127015,2020/2/4,新 希 望,876,农业,畜牧业,179.35,2.96%,-0.25%,35.26,2.71%,192,4.90%,110.2,19.63,5.37,179.62,-0.20%,转股中,5.37年,3.37年,1.40%,2.60%,22,1519,-8.78%,-9.08%,-14.10%,-14.20%,90.16,90.35,1,AAA,3.83%,179.15,179.1,257,88.7,256,3.30%,31,希望转债!
81,海大转债,128102,2020/4/16,海大集团,2311,农业,畜牧业,193.4,2.27%,-0.90%,69.2,1.41%,170,3.10%,114.1,34.74,11.13,199.19,-2.90%,34天,5.57年,4.57年,2.60%,5.20%,28,1093,-9.14%,-9.53%,-11.40%,-11.50%,85.62,90.4,0.97,AA+,4.33%,190.5,187.6,260,97.2,261,6.10%,12,海大转债
202,联泰转债!,113526,2019/2/18,联泰环保,603797,城市公用,三废处理,169.26,0.37%,0.03%,9.14,0.44%,79,24.20%,110.8,6.11,2,149.59,13.10%,转股中,4.42年,2.42年,4.70%,7.10%,1.9,41,-9.29%,-9.67%,-12.30%,-12.40%,91.87,90.89,0.91,AA,4.68%,182.36,188.9,261,97.1,260,-1.00%,8,联泰转债!
215,科森转债!!,113521,2018/12/7,科森科技,603626,通信互联,通信设备,177.73,-0.15%,-0.04%,14.93,-0.20%,55,31.90%,115.2,8.7,3.46,171.61,3.60%,转股中,4.24年,2.24年,1.40%,2.30%,1,71,-9.91%,-10.40%,-14.70%,-14.80%,92.88,95.33,0.94,AA,4.68%,181.33,183.9,258,88.5,255,-5.30%,26,科森转债!!
189,长信转债!!,123022,2019/4/10,长信科技,300088,通信互联,通信设备,185.01,-0.49%,1.26%,11.31,0.80%,40,6.60%,114.9,6.15,4.22,183.9,0.60%,转股中,4.57年,2.57年,1.20%,2.20%,3.3,276,-10.10%,-10.50%,-13.00%,-13.10%,91.35,93.62,0.96,AA,4.68%,185.61,186.1,259,92.5,258,-2.70%,11,长信转债!!
77,同德转债,128103,2020/4/21,同德化工,2360,化工,化工,222,-1.77%,-0.69%,7.69,-2.66%,865,265%,121.8,5.18,2.61,148.46,49.50%,48天,5.59年,3.59年,4.80%,7.10%,1.4,30,-10.40%,-10.90%,-17.20%,-17.30%,79.97,81.95,0.93,A+,7.53%,271.5,295.5,273,213.6,273,1.50%,10,同德转债
221,蓝盾转债!!,123015,2018/9/13,蓝盾股份,300297,计算机及,软件开发,182,-5.20%,5.44%,4.23,1.44%,2591,1380%,112.3,5.79,1.39,73.06,149%,转股中,3.98年,1.98年,1.90%,1.40%,1,53,-11.60%,-12.10%,-17.80%,-17.90%,93.26,93.93,0.17,AA,4.68%,331,290.9,272,197,272,-0.20%,18,蓝盾转债!!
200,尚荣转债!,128053,2019/3/7,尚荣医疗,2551,医药,医疗器械,198.021,-3.40%,3.65%,8.27,0.24%,411,107%,114.9,4.89,2.36,169.12,17.10%,转股中,4.48年,2.48年,2.80%,4.80%,1.9,68,-11.60%,-12.10%,-14.70%,-14.80%,91.71,93.99,1,AA,4.68%,215.12,226.9,268,132.9,268,-5.00%,29,尚荣转债!
268,金禾转债!!,128017,2017/11/27,金禾实业,2597,化工,化工,166.69,4.92%,-0.64%,37.43,4.47%,756,82.10%,109.8,22.42,5.01,166.95,-0.20%,转股中,3.19年,1.19年,2.70%,4.50%,5.7,209,-12.50%,-12.90%,-27.30%,-27.50%,96.42,95.17,0.96,AA,4.68%,166.49,166.4,249,70,244,16.40%,11,金禾转债!!
224,凯发转债!,123014,2018/8/21,凯发电气,300407,能源电力,电力设备,160,-4.75%,4.08%,8.6,-0.92%,1385,728%,108.5,8.12,2.06,105.91,51.10%,转股中,2.93年,0.93年,4.40%,4.70%,1.2,26,-12.50%,-13.00%,-33.20%,-33.30%,93.79,88.6,0.72,A+,7.25%,211.1,214.1,266,120.3,266,-1.60%,14,凯发转债!
56,龙蟠转债,113581,2020/5/19,龙蟠科技,603906,化工,化工,272.84,4.85%,2.49%,28.81,7.54%,1191,112%,129.6,9.48,6.18,303.9,-10.20%,2月8天,5.67年,3.67年,4.60%,13.90%,4,87,-12.60%,-13.30%,-10.90%,-11.00%,81.09,86.96,0.97,A+,7.53%,262.64,241.8,269,154.8,269,11.30%,14,龙蟠转债
238,金农转债!!,128036,2018/4/2,金新农,2548,农业,畜牧业,179,-2.19%,1.74%,11.05,-0.45%,776,293%,110.3,7.39,3.14,149.53,19.70%,转股中,3.55年,1.55年,2.30%,3.50%,1.5,62,-13.00%,-13.40%,-23.00%,-23.20%,93.59,91.04,1,AA-,5.68%,198.7,208.5,265,114.9,265,-2.60%,16,金农转债!!
204,溢利转债!,123018,2019/1/23,溢多利,300381,医药,原料药,211,4.28%,-3.05%,14,1.23%,1099,932%,114.9,8.29,2.42,168.88,24.90%,转股中,4.33年,2.33年,0.80%,1.40%,0.6,67,-13.30%,-13.80%,-17.10%,-17.20%,90.22,90.92,1,AA-,5.68%,235.9,253.1,270,162.2,270,-4.10%,13,溢利转债!
236,新泉转债!!,113509,2018/6/22,新泉股份,603179,汽车,零部件制,193.8,0.25%,2.27%,27.69,2.59%,163,39.90%,110.3,14.22,4.46,194.73,-0.50%,转股中,3.78年,1.78年,2.40%,4.80%,2.1,86,-14.00%,-14.40%,-21.60%,-21.70%,94.09,93.08,0.97,AA,4.68%,193.3,192.9,262,98.8,262,8.70%,10,新泉转债!!
217,百合转债!,113520,2018/11/26,梦百合,603313,其他,家居用品,215.7,0.60%,0.10%,30.87,0.72%,334,207%,115.2,14.28,4.09,216.18,-0.20%,转股中,4.21年,2.21年,0.70%,1.50%,0.8,106,-14.10%,-14.60%,-18.60%,-18.70%,90.92,91.77,0.98,AA-,5.68%,215.5,215.2,267,123.5,267,20.50%,11,百合转债!
151,晶瑞转债!,123031,2019/9/26,晶瑞股份,300655,化工,化工,262.2,-6.36%,7.72%,36.84,1.40%,1709,1001%,116.2,18.53,6.95,198.81,31.90%,转股中,5年7天,3年7天,0.90%,1.80%,0.6,69,-15.20%,-15.60%,-14.50%,-14.60%,82.52,81.36,0.97,A+,7.53%,294.1,325.6,274,243.1,275,-3.20%,14,晶瑞转债!
254,太阳转债!!,128029,2018/1/16,太阳纸业,2078,造纸包装,造纸行业,159.739,3.79%,0.76%,13.78,4.55%,130,7.00%,107.8,8.55,2.39,161.17,-0.90%,转股中,2.33年,0.33年,3.30%,5.30%,12,357,-15.60%,-16.10%,-77.30%,-77.60%,98.98,98.35,1,AA+,4.05%,158.84,158.3,240,59.3,226,9.50%,8,太阳转债!!
283,电气转债!,113008,2015/2/16,上海电气,601727,能源电力,电力设备,115.42,-0.15%,0.27%,5.72,0.18%,31,0.60%,106.6,5.13,1.36,111.5,3.50%,转股中,0.45年,回售中,5.10%,5.70%,44,867,-16.20%,-18.50%,回售中,回售中,103,105.06,0.71,AAA,3.28%,118.92,119.3,4,14.3,1,0.00%,28,电气转债!
229,盛路转债!!,128041,2018/8/14,盛路通信,2446,通信互联,通信设备,261.93,2.72%,-0.77%,7.78,1.97%,2417,1741%,114.3,6.85,2.46,113.58,131%,转股中,3.90年,1.90年,0.80%,0.90%,0.5,70,-19.40%,-19.90%,-26.10%,-26.20%,93.58,95.92,0.99,AA,4.68%,392.93,410.3,277,314.4,277,3.40%,11,盛路转债!!
272,模塑转债!!,127004,2017/8/16,模塑科技,700,汽车,零部件制,215.389,-6.35%,6.34%,7.66,-0.78%,4339,1465%,113.3,7.46,2.71,102.68,110%,转股中,2.78年,0.78年,1.90%,1.90%,1.3,70,-20.90%,-21.50%,-56.20%,-56.30%,97.62,100.32,0.01,AA,4.55%,325.39,328.1,275,227.8,274,-0.90%,39,模塑转债!!
203,凯龙转债!,128052,2019/1/21,凯龙股份,2783,化工,化工,313,-5.69%,6.76%,13.2,1.07%,2283,2202%,115,6.67,2.92,197.9,58.20%,转股中,4.33年,2.33年,0.60%,1.30%,0.3,50,-20.90%,-21.40%,-22.60%,-22.70%,92.45,94.74,1,AA,4.68%,371.2,428.1,278,333.4,278,6.30%,12,凯龙转债!
233,广电转债!!,110044,2018/7/24,广电网络,600831,传媒娱乐,影视娱乐,282.25,4.55%,-4.07%,8.72,0.58%,4751,2403%,112.3,6.9,1.71,126.38,123%,转股中,3.85年,1.85年,1.10%,1.40%,0.7,62,-21.60%,-22.00%,-28.30%,-28.30%,93.82,94.48,0.83,AA,4.68%,405.25,438.1,280,343.6,280,9.80%,10,广电转债!!
253,天康转债!!,128030,2018/1/29,天康生物,2100,农业,畜牧业,250.55,4.99%,-3.11%,17.9,1.88%,586,243%,112.3,7.85,3.87,228.03,9.90%,转股中,3.33年,1.33年,0.50%,1.20%,1,192,-21.70%,-22.20%,-37.40%,-37.50%,96.04,96.74,1,AA,4.68%,260.45,273.1,271,176.3,271,2.50%,10,天康转债!!
222,东音转债!!,128043,2018/8/27,罗欣药业,2793,医药,化学制药,328,4.04%,-2.46%,17.36,1.58%,2543,2025%,114.5,6.22,6.54,279.1,17.50%,转股中,3.95年,1.95年,0.20%,0.40%,0.4,251,-23.70%,-24.10%,-28.80%,-28.80%,93.42,95.9,1,AA,4.68%,345.5,376.9,276,281,276,8.80%,11,东音转债!!
120,振德转债!,113555,2020/1/14,振德医疗,603301,医药,医疗器械,550.8,-0.73%,0.84%,77.4,0.12%,442,32.80%,124.8,14.01,6.96,552.46,-0.30%,转股中,5.33年,3.33年,1.60%,8.80%,2.4,154,-24.70%,-25.20%,-17.20%,-17.30%,86.16,92.98,0.99,AA-,5.83%,550.5,549.1,281,456.2,281,-7.60%,16,振德转债!
214,特发转债!,127008,2018/12/25,特发信息,70,通信互联,通信设备,333,-3.03%,1.44%,13.02,-1.59%,1178,576%,111.1,5.54,3.74,235.02,41.70%,转股中,3.24年,1.24年,0.60%,1.30%,0.6,106,-29.00%,-29.40%,-47.50%,-47.60%,95.56,96.03,1,AA,4.68%,374.7,431,279,334.9,279,5.00%,15,特发转债!
226,横河转债!,123013,2018/8/20,横河模具,300539,机械装备,专用设备,446,4.21%,-3.91%,7.57,0.66%,5421,3257%,115.2,9.13,3.49,82.91,438%,转股中,3.93年,1.93年,2.30%,1.90%,0.4,17,-29.50%,-29.90%,-32.60%,-32.70%,89.16,87.63,0.44,A+,7.38%,884,809.1,282,719.9,282,0.80%,15,横河转债!
155,英科转债!,123029,2019/9/10,英科医疗,300677,医药,医疗器械,941.785,1.30%,-0.63%,150.5,0.68%,307,23.90%,138.2,16.11,17.25,934.2,0.80%,转股中,4.98年,2.98年,0.40%,3.80%,1.4,334,-32.50%,-33.20%,-22.00%,-22.00%,90.4,105.87,0.99,AA-,5.68%,942.59,949.4,283,843.5,283,-6.90%,16,英科转债!
