序号,转债名称,转债代码,进展/上市日期,股票名称,股票代码,行业,子行业,转债价格,涨跌,日内套利,股价,涨跌,转债成交额,转债换手率,剩余本息,转股价格,P/B,转股价值,转股溢价率,距离转股日,剩余年限,回售年限,余额/市值,余额/股本,转债余额,股票市值,税前收益率,税后收益率,税前回售收益,税后回售收益,回售价值,纯债价值,期权价值,内在价值,价值溢价,历史波动,隐含波动,预测波动,弹性,信用,折现率,老式双低,新式双低,MA20乖离,热门度,转债名称,
143,亚药转债!,128062,2019-04-24,亚太药业,002370,医药,化学制药,81.121,-0.19%,0.19%,4.73,-1.05%,8.6,1.1%,119.8,16.25,6.29,29.11,179%,转股中,4.84年,2.84年,38.0%,11.1%,9.6,25,8.56%,7.77%,8.46%,8.21%,80.54,80.55,0.52,81.07,0.1%,66%,31%,16%,0.00,A-,8.72%,133.1,52.6,-6.4%,94,亚药转债!,
167,维格转债!,113527,2019-02-19,锦泓集团,603518,服装纺织,服装行业,92.21,0.56%,-0.20%,6.39,3.06%,13,1.9%,120.2,10.52,0.65,60.74,51.8%,转股中,4.65年,2.65年,46.3%,28.1%,7.5,16,5.99%,5.18%,4.24%,3.98%,90.32,96.16,3.32,99.48,-7.3%,44%,<2%,18%,0.12,AA,5.02%,123.7,27.5,2.0%,100,维格转债!,
246,洪涛转债!,128013,2016-08-23,洪涛股份,002325,建筑,装饰工程,101.571,0.19%,-0.19%,3.1,0.98%,4.6,0.4%,111.3,8.00,1.28,38.75,162%,转股中,2年57天,57天,31.0%,12.0%,12,39,4.42%,3.40%,0.70%,-0.40%,100.62,103.09,0.00,103.10,-1.5%,35%,<2%,16%,0.00,AA,3.69%,164.4,61.3,1.9%,94,洪涛转债!,
29,搜特转债!,128100,2020-04-09,搜于特,002503,服装纺织,服装行业,93.786,0.94%,-0.89%,2.68,0.75%,18,2.5%,117.3,5.36,1.54,50.00,87.6%,3月18天,5.78年,3.78年,9.7%,4.8%,8.0,83,4.02%,3.46%,2.63%,2.43%,87.60,91.69,1.55,93.24,0.6%,48%,22%,17%,0.06,AA,4.44%,137.6,45.9,-11.0%,35,搜特转债!,
229,亚太转债!,128023,2017-12-26,亚太股份,002284,汽车,零部件制,99,1.64%,-1.63%,4.8,1.48%,8.1,0.8%,112.3,10.34,1.46,46.42,113%,转股中,3.51年,1.51年,28.2%,13.1%,10,35,3.74%,3.06%,2.29%,1.95%,96.28,98.07,0.14,98.22,0.8%,41%,30%,17%,0.01,AA,4.02%,151.6,53.5,1.5%,67,亚太转债!,
56,百川转债!,128093,2020-01-21,百川股份,002455,石油天然,化工,107.523,0.08%,-0.22%,4.79,-0.42%,4.0,0.7%,130.3,5.87,1.89,81.60,31.8%,37天,5.59年,3.59年,21.0%,17.1%,5.2,25,3.61%,2.69%,-0.04%,-0.41%,88.31,97.85,13.74,111.59,-3.6%,40%,13%,17%,0.36,AA-,5.44%,133.4,35.6,-3.3%,48,百川转债!,
13,起步转债!,113576,2020-05-07,起步股份,603557,服装纺织,鞋服行业,100.17,0.52%,-0.60%,8.09,-0.25%,15,2.8%,121.8,10.95,2.25,73.88,35.6%,4月16天,5.86年,3.86年,13.6%,10.0%,5.2,38,3.47%,2.80%,1.12%,0.89%,84.83,89.94,11.73,101.67,-1.5%,50%,16%,17%,0.33,AA-,5.44%,126.5,36.5,-2.6%,18,起步转债!,
146,大丰转债!,113530,2019-04-18,大丰实业,603081,建筑,装饰工程,103.6,0.67%,-0.70%,11.27,-0.27%,2.3,0.4%,121.6,16.76,2.35,67.24,54.1%,转股中,4.82年,2.82年,13.9%,9.4%,6.3,45,3.45%,2.65%,-0.03%,-0.26%,92.12,100.93,3.19,104.12,-0.5%,48%,17%,16%,0.12,AA,4.02%,140.0,39.0,-1.4%,36,大丰转债!,
237,小康转债!,113016,2017-11-21,小康股份,601127,汽车,零部件制,98.56,1.08%,-1.06%,8.03,1.65%,6.5,0.8%,110.3,15.74,1.57,51.02,93.2%,转股中,3.43年,1.43年,8.7%,4.4%,8.8,102,3.41%,2.82%,2.69%,2.33%,96.57,96.62,0.40,97.02,1.6%,33%,30%,16%,0.01,AA,4.02%,146.1,49.5,0.0%,44,小康转债!,
197,德尔转债!,123011,2018-08-14,德尔股份,300473,汽车,零部件制,102.752,0.54%,-0.53%,24.31,0.04%,5.8,2.3%,117.1,34.66,1.21,70.14,46.5%,转股中,4年46天,2年46天,9.1%,6.4%,2.5,28,3.29%,2.53%,0.36%,0.05%,92.73,96.12,5.09,101.21,1.5%,37%,22%,17%,0.19,AA-,5.02%,135.4,39.2,0.3%,38,德尔转债!,
163,今飞转债!,128056,2019-03-22,今飞凯达,002863,汽车,零部件制,104.23,0.08%,-0.41%,4.72,-1.26%,26,6.8%,121,6.76,1.75,69.82,49.3%,转股中,4.75年,2.75年,20.7%,14.5%,3.7,18,3.27%,2.47%,-0.02%,-0.30%,86.39,89.51,9.17,98.68,5.6%,59%,28%,17%,0.26,A+,6.72%,138.6,49.1,-2.1%,56,今飞转债!,
172,奇精转债!,113524,2019-01-07,奇精机械,603677,家电,零部件制,102.4,1.08%,-1.12%,10.46,-0.19%,2.5,0.8%,117.9,14.28,2.01,73.25,39.8%,转股中,4.54年,2.54年,16.4%,12.0%,3.3,20,3.22%,2.50%,0.36%,0.12%,93.05,98.94,6.08,105.01,-2.5%,53%,14%,18%,0.22,AA,4.02%,131.6,32.6,-0.1%,50,奇精转债!,
141,未来转债,128063,2019-04-24,德尔未来,002631,其他,家居用品,110.5,0.40%,-0.01%,7.55,1.07%,5.0,0.7%,128.2,8.67,2.93,87.08,26.9%,转股中,4.84年,3.84年,12.5%,10.9%,6.3,50,3.20%,2.21%,-0.38%,-0.79%,89.84,101.78,12.55,114.33,-3.4%,50%,12%,16%,0.36,AA-,5.02%,133.9,32.1,2.2%,40,未来转债,
208,岩土转债!,128037,2018-04-25,中化岩土,002542,建筑,建筑工程,100.199,0.76%,-0.76%,3.42,0.29%,1.1,0.2%,112.3,8.01,1.55,42.70,135%,转股中,3.79年,1.79年,9.7%,4.1%,6.0,62,3.11%,2.49%,1.33%,1.04%,95.24,97.00,0.06,97.06,3.2%,40%,40%,16%,0.00,AA,4.02%,157.7,60.7,-3.4%,50,岩土转债!,
241,久其转债!,128015,2017-07-18,久其软件,002279,计算机及,软件开发,102.21,0.55%,-0.40%,6.76,1.05%,34,4.3%,111.8,9.48,6.29,71.31,43.3%,转股中,3年7.0天,1年7.0天,16.2%,11.6%,7.8,48,3.08%,2.33%,0.28%,-0.14%,95.02,92.28,5.18,97.46,4.9%,46%,30%,17%,0.14,A+,6.72%,133.1,38.1,5.3%,61,久其转债!,
1,龙蟠转债,113581,2020-05-19,龙蟠科技,603906,石油天然,化工,109.06,1.19%,0.15%,9.33,2.08%,38,8.8%,129.6,9.61,2.04,97.09,12.3%,4月29天,5.89年,3.89年,14.2%,13.8%,4.0,28,3.06%,2.21%,-0.55%,-0.86%,80.95,87.34,32.01,119.35,-8.6%,49%,7%,17%,0.64,A+,7.14%,121.0,33.7,-0.6%,9,龙蟠转债,
149,迪森转债!,123023,2019-04-16,迪森股份,300335,能源电力,电力供应,99.8,0.46%,-0.29%,4.62,1.09%,2.8,0.5%,114.9,7.19,1.24,64.26,55.3%,转股中,4.80年,3.80年,35.8%,23.0%,6.0,17,3.04%,2.45%,1.36%,1.10%,90.21,95.44,4.12,99.55,0.3%,39%,20%,18%,0.16,AA,4.02%,135.3,39.9,1.9%,52,迪森转债!,
162,长城转债!,113528,2019-03-20,长城科技,603897,机械装备,专用设备,102.62,0.18%,-0.92%,17.7,-2.64%,5.6,0.9%,117.6,23.75,1.71,74.53,37.7%,转股中,4.75年,2.75年,20.1%,15.0%,6.3,32,2.98%,2.30%,0.44%,0.18%,90.26,93.68,8.66,102.35,0.3%,46%,19%,17%,0.28,AA-,5.02%,130.7,37.0,-1.8%,48,长城转债!,
36,科达转债!,113569,2020-04-08,苏州科达,603660,通信互联,物联网,102.34,0.29%,-0.15%,9.29,0.76%,2.0,0.4%,120.7,14.88,2.70,62.43,63.9%,3月13天,5.77年,3.77年,11.0%,6.9%,5.2,47,2.96%,2.32%,0.42%,0.22%,84.64,89.46,5.96,95.42,7.3%,52%,31%,17%,0.19,AA-,5.44%,142.2,52.8,-3.7%,19,科达转债!,
236,时达转债!,128018,2017-12-04,新时达,002527,机械装备,机器人及,100.2,0.31%,-0.11%,5,1.83%,12,1.4%,110.3,7.45,1.25,67.11,49.3%,转股中,3.43年,1.43年,28.4%,19.0%,8.8,31,2.90%,2.31%,1.63%,1.28%,96.57,96.62,2.19,98.81,1.4%,36%,22%,16%,0.11,AA,4.02%,133.3,36.7,2.2%,44,时达转债!,
123,清水转债,123028,2019-07-15,清水源,300437,城市公用,三废处理,106.38,0.16%,0.25%,10,1.01%,1.6,0.3%,122.4,11.95,1.44,83.68,27.1%,转股中,5年17天,3年17天,22.4%,18.8%,4.9,22,2.90%,2.11%,-0.32%,-0.63%,89.09,94.42,15.15,109.56,-2.9%,39%,15%,18%,0.41,AA-,5.44%,129.1,34.7,-0.7%,44,清水转债,
108,万里转债!,123032,2019-10-31,万里马,300591,服装纺织,服装纺织,114.65,-0.54%,1.13%,6.3,1.12%,125,60.9%,132.8,6.92,4.02,91.04,25.9%,转股中,5.36年,3.36年,9.2%,8.3%,1.8,20,2.89%,1.87%,-1.75%,-2.16%,85.08,93.09,24.76,117.85,-2.7%,46%,15%,18%,0.52,A+,7.14%,138.3,45.2,6.5%,44,万里转债!,
222,双环转债!,128032,2018-01-25,双环传动,002472,机械装备,通用设备,99.885,0.70%,-0.71%,4.98,-0.60%,5.7,0.6%,110.3,9.93,1.04,50.15,99.2%,转股中,3.57年,1.57年,29.2%,14.7%,10,34,2.88%,2.32%,1.69%,1.36%,96.06,96.11,0.30,96.41,3.6%,35%,35%,16%,0.01,AA,4.02%,149.6,53.5,-1.0%,52,双环转债!,
37,新春转债,113568,2020-04-02,五洲新春,603667,机械装备,通用设备,106.35,1.64%,0.43%,8.19,4.20%,14,4.0%,124.8,9.08,1.38,90.20,17.9%,3月14天,5.76年,3.76年,13.8%,12.4%,3.3,24,2.88%,2.13%,-0.40%,-0.63%,85.26,92.61,20.29,112.90,-5.8%,45%,10%,17%,0.49,AA-,5.44%,122.5,29.9,6.3%,37,新春转债,
130,大业转债!,113535,2019-06-03,大业股份,603278,汽车,零部件制,101.43,0.92%,-0.81%,7.63,1.19%,6.5,1.3%,113.1,12.56,1.38,60.75,67.0%,转股中,3.94年,1.94年,22.6%,13.7%,5.0,22,2.84%,2.22%,0.20%,0.02%,93.78,97.02,1.91,98.93,2.5%,48%,28%,18%,0.09,AA,4.02%,142.1,45.1,-0.0%,53,大业转债!,
6,纵横转债,113573,2020-05-22,纵横通信,603602,通信互联,通信设备,106.15,0.51%,-2.15%,20.96,-2.96%,13,4.7%,124.7,24.49,4.76,85.59,24.0%,4月23天,5.88年,3.88年,8.2%,7.0%,2.7,33,2.84%,2.11%,-0.36%,-0.58%,79.41,83.90,23.30,107.20,-1.0%,75%,16%,16%,0.55,A+,7.14%,126.7,42.8,-8.7%,8,纵横转债,
10,凌钢转债!,110070,2020-05-13,凌钢股份,600231,钢铁,炼钢,100.41,0.11%,0.05%,2.15,0.47%,3.2,0.7%,117.8,2.80,0.77,76.79,30.8%,4月17天,5.87年,3.87年,7.4%,5.7%,4.4,60,2.82%,2.26%,0.92%,0.71%,87.56,91.77,11.88,103.65,-3.1%,40%,15%,18%,0.35,AA,4.44%,124.0,32.3,-0.6%,9,凌钢转债!,
199,海澜转债!,110045,2018-07-31,海澜之家,600398,服装纺织,服装行业,99.8,0.09%,-0.08%,6.09,0.33%,3.6,0.1%,111.6,12.02,2.04,50.67,97.0%,转股中,4年41天,2年41天,11.0%,5.6%,29,269,2.80%,2.26%,1.20%,0.97%,94.81,97.02,0.34,97.36,2.5%,31%,31%,16%,0.02,AA+,3.52%,148.9,51.9,-0.4%,59,海澜转债!,
85,华锋转债!,128082,2020-01-06,华锋股份,002806,电子,元器件制,105.421,1.07%,-0.48%,11.42,1.06%,4.0,1.1%,122,13.09,1.57,87.24,20.8%,8天,5.51年,3.51年,17.5%,15.3%,3.5,20,2.76%,2.05%,-0.09%,-0.36%,81.87,84.28,25.05,109.33,-3.6%,67%,14%,18%,0.56,A+,7.14%,123.6,39.3,-0.6%,58,华锋转债!,
243,永东转债!,128014,2017-07-18,永东股份,002753,石油天然,化工,103.098,0.10%,0.06%,8.44,1.69%,1.7,0.5%,111.3,12.64,1.83,66.77,54.4%,转股中,2.88年,0.88年,10.6%,7.1%,3.4,32,2.74%,1.99%,-1.21%,-1.54%,97.06,97.75,1.84,99.59,3.5%,52%,30%,17%,0.09,AA-,4.69%,139.4,41.7,10.8%,42,永东转债!,
69,永创转债!,113559,2020-01-10,永创智能,603901,机械装备,专用设备,103.38,0.95%,-0.54%,7.09,1.58%,3.6,0.7%,118.9,10.39,2.35,68.24,51.5%,27天,5.56年,3.56年,16.4%,11.2%,5.1,31,2.61%,1.99%,0.42%,0.16%,86.43,89.25,8.55,97.79,5.7%,44%,27%,17%,0.26,AA-,5.44%,138.5,49.3,-4.1%,26,永创转债!,
77,鸿达转债,128085,2020-01-08,鸿达兴业,002002,石油天然,化工,108.88,0.81%,-1.31%,3.74,-1.06%,34,1.3%,124.8,3.98,1.41,93.97,15.9%,20天,5.54年,3.54年,25.1%,23.6%,24,97,2.55%,1.78%,-1.16%,-1.38%,88.93,98.59,17.24,115.84,-6.0%,46%,9%,16%,0.47,AA,4.44%,123.8,25.2,1.6%,79,鸿达转债,
226,铁汉转债!,123004,2018-01-26,铁汉生态,300197,城市公用,生态环境,100.61,0.46%,-0.41%,2.52,0.80%,3.1,0.4%,109.8,3.98,1.13,63.32,58.9%,转股中,3.55年,1.55年,14.1%,8.9%,8.3,59,2.54%,2.01%,1.13%,0.83%,95.90,95.73,1.40,97.12,3.6%,57%,28%,15%,0.06,AA,4.02%,137.9,42.0,-4.5%,30,铁汉转债!,
218,迪龙转债!,128033,2018-01-29,雪迪龙,002658,城市公用,三废处理,100.56,0.16%,-0.20%,5.86,-0.34%,3.2,0.6%,109.8,8.83,1.77,66.36,51.5%,转股中,3.57年,1.57年,14.7%,9.7%,5.2,35,2.54%,2.01%,1.14%,0.85%,95.81,95.63,2.59,98.23,2.4%,39%,25%,17%,0.12,AA,4.02%,134.8,38.9,-0.9%,40,迪龙转债!,
227,众兴转债!,128026,2018-01-03,众兴菌业,002772,农业,种植业,101.19,0.19%,-0.44%,8.61,-1.15%,8.5,0.9%,110.3,11.54,1.29,74.61,35.6%,转股中,3.53年,1.53年,29.1%,21.7%,9.2,32,2.52%,1.96%,0.94%,0.61%,94.65,93.11,5.85,98.95,2.3%,37%,22%,16%,0.22,AA-,5.02%,127.8,33.1,3.2%,61,众兴转债!,
41,盛屯转债!,110066,2020-03-31,盛屯矿业,600711,有色金属,有色行业,100.23,0.53%,-0.44%,3.71,0.27%,24,1.0%,115.3,4.92,0.95,75.41,32.9%,3月6天,5.75年,3.75年,27.9%,21.0%,24,86,2.51%,2.02%,0.91%,0.71%,87.70,90.24,10.64,100.88,-0.6%,45%,17%,17%,0.33,AA,4.44%,125.1,34.8,-4.1%,54,盛屯转债!,
125,华钰转债!,113027,2019-07-10,华钰矿业,601020,有色金属,锌铅镍锡,102.1,0.17%,-0.21%,7.63,-0.13%,23,3.5%,115.2,10.17,1.95,75.02,36.1%,转股中,5年12天,3年12天,16.0%,12.0%,6.4,40,2.48%,1.92%,0.49%,0.26%,90.38,92.99,8.58,101.57,0.5%,42%,19%,17%,0.30,AA,4.44%,129.2,36.2,-2.5%,54,华钰转债!,
102,迪贝转债!,113546,2019-11-21,迪贝电气,603320,家电,零部件制,106.58,1.18%,-0.35%,12.36,1.48%,23,9.5%,121.1,14.10,1.87,87.66,21.6%,转股中,5.39年,3.39年,14.3%,12.5%,2.3,16,2.45%,1.76%,-0.58%,-0.82%,81.98,84.23,24.74,108.97,-2.2%,54%,16%,18%,0.56,A+,7.14%,125.5,41.3,-18.3%,43,迪贝转债!,
191,苏农转债!,113516,2018-08-20,苏农银行,603323,金融,银行行业,104.38,-0.02%,-0.20%,4.32,-0.92%,11,0.8%,115.1,5.67,0.67,76.19,37.0%,转股中,4.17年,无权,16.5%,12.6%,13,78,2.43%,1.75%,无权,无权,无权,99.97,6.16,106.13,-1.7%,37%,16%,18%,0.24,AA+,3.52%,132.6,32.6,-1.3%,39,苏农转债!,
184,长久转债!,113519,2018-11-30,长久物流,603569,交通运输,物流业,108.24,1.05%,-0.92%,9.4,0.53%,3.9,0.5%,120.1,11.85,2.19,79.32,36.5%,转股中,4.44年,2.44年,13.2%,10.5%,7.0,53,2.42%,1.62%,-1.69%,-1.95%,93.62,101.21,7.23,108.44,-0.2%,42%,18%,17%,0.26,AA,4.02%,137.2,35.9,2.5%,18,长久转债!,
121,智能转债!,128070,2019-07-23,智能自控,002877,机械装备,通用设备,105.113,-0.08%,0.03%,7.16,-0.14%,18,7.2%,118.1,9.55,3.37,74.97,40.2%,转股中,5年30天,无权,9.7%,7.2%,2.3,24,2.38%,1.73%,无权,无权,无权,83.94,15.64,99.58,5.6%,70%,27%,18%,0.41,A+,7.14%,135.3,51.3,-2.6%,37,智能转债!,
234,嘉澳转债!,113502,2017-11-27,嘉澳环保,603822,石油天然,化工,103.8,1.29%,-1.28%,23.18,0.52%,2.3,1.2%,112.3,44.79,2.29,51.75,101%,转股中,3.44年,1.44年,10.9%,5.6%,1.9,17,2.36%,1.68%,-0.60%,-0.94%,95.07,95.21,0.50,95.71,8.5%,48%,48%,17%,0.02,AA-,5.02%,155.8,60.6,-3.1%,33,嘉澳转债!,
148,岱勒转债!,123024,2019-04-17,岱勒新材,300700,机械装备,专用设备,103.6,-0.19%,-0.36%,16.85,-2.88%,2.7,1.2%,113,24.90,2.82,67.67,53.1%,转股中,3.80年,1.80年,15.1%,10.2%,2.1,14,2.34%,1.70%,-0.91%,-1.09%,89.56,88.50,6.16,94.65,9.5%,61%,37%,18%,0.19,A+,6.72%,139.5,50.0,4.6%,35,岱勒转债!,
70,建工转债!,110064,2020-01-16,重庆建工,600939,建筑,建筑工程,106.12,0.21%,-0.21%,3.66,0.00%,5.3,0.3%,120.2,4.65,0.97,78.71,34.8%,24天,5.55年,3.55年,25.0%,19.7%,17,66,2.32%,1.67%,-0.41%,-0.64%,90.68,97.45,8.91,106.36,-0.2%,38%,17%,16%,0.30,AA+,3.94%,133.5,36.1,-4.2%,43,建工转债!,
160,中信转债!,113021,2019-03-19,中信银行,601998,金融,银行行业,106.9,0.06%,-0.20%,5.02,-0.99%,43,0.1%,118.8,7.22,0.54,69.53,53.7%,转股中,4.76年,无权,16.3%,11.3%,400,2457,2.31%,1.59%,无权,无权,无权,103.53,3.63,107.16,-0.2%,22%,18%,17%,0.15,AAA,3.02%,144.3,40.7,-1.5%,58,中信转债!,
133,永鼎转债!,110058,2019-05-08,永鼎股份,600105,通信互联,通信设备,103.01,1.47%,-1.31%,3.98,0.51%,12,1.2%,114.9,5.10,2.04,78.04,32.0%,转股中,4.87年,2.87年,19.7%,15.4%,9.8,50,2.31%,1.74%,0.13%,-0.09%,91.82,95.16,8.99,104.15,-1.1%,48%,17%,17%,0.30,AA,4.02%,128.0,32.8,-3.3%,53,永鼎转债!,
115,翔鹭转债!,128072,2019-09-16,翔鹭钨业,002842,有色金属,小金属,102.784,0.22%,-0.27%,10.18,-0.20%,2.1,0.7%,115.5,15.36,3.08,66.28,55.1%,转股中,5.22年,3.22年,10.8%,7.2%,3.0,28,2.31%,1.76%,0.30%,0.08%,86.97,88.13,7.78,95.91,7.2%,62%,31%,18%,0.24,AA-,5.44%,139.3,51.2,7.6%,29,翔鹭转债!,
75,孚日转债!,128087,2020-01-16,孚日股份,002083,服装纺织,家纺,100.123,1.03%,-0.67%,4.9,1.03%,18,2.8%,113.3,6.39,1.15,76.68,30.6%,21天,5.55年,3.55年,14.6%,11.2%,6.5,44,2.30%,1.85%,0.99%,0.78%,88.50,89.48,10.51,99.99,0.1%,30%,17%,16%,0.35,AA,4.44%,123.6,34.1,-12.0%,45,孚日转债!,
249,顺昌转债!!,128010,2016-02-23,澳洋顺昌,002245,交通运输,物流业,105.654,0.25%,-0.25%,3.8,0.00%,2.8,0.5%,109.6,9.25,1.82,41.08,157%,转股中,1.64年,回售中,13.6%,5.6%,5.1,37,2.28%,1.17%,回售中,回售中,100.27,103.32,0.00,103.32,2.3%,42%,49%,17%,0.00,AA,3.69%,170.2,66.9,-1.8%,45,顺昌转债!!,
248,辉丰转债!,128012,2016-05-17,*ST辉丰,002496,石油天然,农化,99.999,0.00%,0.00%,2.38,4.85%,0.0,0.0%,104.3,7.71,1.33,30.87,224%,转股中,1.89年,回售中,23.5%,7.3%,8.4,36,2.27%,1.82%,回售中,回售中,103.00,92.86,10.14,103.00,-2.9%,45%,<2%,17%,0.00,A+,6.39%,169.1,66.1,11.4%,61,辉丰转债!,
9,维尔转债,123049,2020-05-12,维尔利,300190,城市公用,三废处理,109.78,0.21%,0.01%,6.64,0.45%,4.4,0.4%,124.8,7.58,1.32,87.60,25.3%,4月19天,5.87年,3.87年,17.6%,15.4%,9.2,52,2.26%,1.53%,-1.18%,-1.40%,84.79,92.10,19.16,111.26,-1.3%,52%,16%,17%,0.48,AA-,5.44%,132.0,39.9,-2.3%,9,维尔转债,
99,浦发转债!,110059,2019-11-15,浦发银行,600000,金融,银行行业,104.87,-0.03%,0.11%,10.57,0.38%,193,0.4%,117.8,15.05,0.61,70.23,49.3%,转股中,5.41年,无权,16.1%,11.3%,500,3103,2.23%,1.63%,无权,无权,无权,98.57,5.31,103.88,0.9%,23%,20%,17%,0.21,AAA,3.44%,139.5,40.9,1.9%,83,浦发转债!,
58,正裕转债!,113561,2020-02-10,DR正裕工,603089,汽车,零部件制,105.12,0.41%,-1.48%,8.51,-1.96%,2.4,0.8%,118.5,10.23,1.59,83.19,26.4%,35天,5.58年,3.58年,16.3%,13.6%,2.9,18,2.22%,1.62%,-0.12%,-0.36%,81.10,81.40,23.56,104.96,0.2%,51%,19%,18%,0.55,A+,7.14%,127.1,45.7,-25.7%,30,正裕转债!,
239,林洋转债!,113014,2017-11-13,林洋能源,601222,能源电力,电力设备,102.6,0.39%,-0.40%,5.04,-0.20%,3.2,0.1%,110.3,8.59,0.91,58.67,74.9%,转股中,3.41年,1.41年,33.9%,19.9%,30,89,2.19%,1.61%,0.13%,-0.22%,96.68,96.73,0.80,97.53,5.2%,38%,35%,16%,0.04,AA,4.02%,146.5,49.8,-1.7%,25,林洋转债!,
206,新凤转债!,113508,2018-05-16,新凤鸣,603225,服装纺织,纺织行业,103.35,0.54%,-0.52%,9.65,0.31%,0.8,0.0%,112.3,15.78,1.19,61.15,69.0%,转股中,3.90年,1.90年,15.9%,9.7%,21,135,2.19%,1.60%,-0.26%,-0.52%,94.81,96.56,1.48,98.04,5.4%,47%,33%,16%,0.08,AA,4.02%,145.5,49.0,-3.4%,28,新凤转债!,
113,哈尔转债!,128073,2019-09-11,哈尔斯,002615,其他,家居用品,105.84,0.10%,-0.04%,4.62,0.22%,39,12.3%,115.7,5.80,2.33,79.66,32.9%,转股中,4.22年,2.22年,15.8%,12.6%,3.0,19,2.16%,1.49%,-1.36%,-1.56%,91.22,94.38,9.49,103.87,1.9%,44%,21%,17%,0.32,AA-,5.02%,132.0,37.6,0.5%,38,哈尔转债!,
171,台华转债!,113525,2019-01-11,台华新材,603055,服装纺织,纺织行业,104.55,0.69%,-0.69%,6.47,0.00%,0.9,0.2%,114.9,8.11,1.90,79.78,31.1%,转股中,4.55年,2.55年,10.7%,8.5%,5.3,50,2.14%,1.53%,-0.41%,-0.65%,93.02,96.40,8.86,105.26,-0.7%,47%,17%,17%,0.31,AA,4.02%,129.3,32.9,2.7%,21,台华转债!,
74,森特转债,113557,2020-01-10,森特股份,603098,建筑,建筑工程,107.62,0.72%,-0.44%,9.23,0.54%,2.5,0.4%,120.7,10.26,2.17,89.96,19.6%,23天,5.55年,3.55年,13.5%,12.2%,6.0,44,2.13%,1.47%,-0.92%,-1.13%,85.64,90.50,20.24,110.74,-2.8%,42%,14%,17%,0.51,AA-,5.44%,125.3,34.8,-3.2%,36,森特转债,
28,雷迪转债,123045,2020-04-13,雷迪克,300652,汽车,零部件制,106.1,0.46%,-1.07%,18.42,-0.97%,2.5,0.8%,119.4,20.38,2.07,90.38,17.4%,3月18天,5.78年,3.78年,17.8%,16.1%,2.9,16,2.11%,1.51%,-0.37%,-0.59%,79.92,80.90,29.45,110.35,-3.8%,37%,14%,18%,0.63,A+,7.14%,121.8,40.9,-2.7%,35,雷迪转债,
122,华森转债!,128069,2019-07-11,华森制药,002907,医药,化学制药,108.7,0.47%,-0.35%,16.48,0.24%,5.1,1.6%,120.5,18.08,6.50,91.15,19.3%,转股中,5年22天,3年22天,4.5%,4.1%,3.0,66,2.10%,1.39%,-1.38%,-1.61%,87.86,92.72,18.19,110.91,-2.0%,63%,14%,16%,0.51,AA-,5.44%,126.2,33.5,-5.8%,44,华森转债!,
174,钧达转债!,128050,2018-12-27,钧达股份,002865,汽车,零部件制,112.811,2.98%,0.08%,15.4,5.48%,386,109%,123.5,14.93,2.20,103.15,9.4%,转股中,4.53年,2.53年,17.2%,17.7%,3.2,19,2.06%,1.17%,-3.07%,-3.33%,91.15,99.43,23.37,122.80,-8.1%,58%,8%,18%,0.56,AA-,5.02%,122.5,23.0,16.3%,60,钧达转债!,
140,司尔转债!,128064,2019-05-07,司尔特,002538,石油天然,农化,104.348,0.17%,-0.10%,4.78,0.21%,3.3,0.4%,114.9,6.07,0.92,78.75,32.5%,转股中,4.85年,2.85年,23.3%,18.4%,8.0,34,2.04%,1.48%,-0.30%,-0.52%,91.90,95.24,8.57,103.81,0.5%,34%,18%,16%,0.31,AA,4.02%,129.9,34.7,-6.5%,57,司尔转债!,
156,中鼎转2!,127011,2019-04-04,中鼎股份,000887,汽车,零部件制,105,0.38%,-0.36%,7.67,0.13%,7.3,0.6%,115.2,11.79,1.07,65.06,61.4%,转股中,4.77年,2.77年,12.8%,8.3%,12,94,2.00%,1.42%,-0.48%,-0.72%,93.64,98.01,3.13,101.14,3.8%,39%,27%,17%,0.13,AA+,3.52%,144.9,46.9,-0.2%,30,中鼎转2!,
106,金轮转债!,128076,2019-11-08,金轮股份,002722,机械装备,专用设备,103.97,0.37%,-0.09%,11.76,0.68%,5.2,2.3%,115.3,14.96,1.11,78.61,32.3%,转股中,5.37年,3.37年,10.4%,8.2%,2.1,21,1.98%,1.46%,-0.05%,-0.26%,86.25,87.27,13.98,101.25,2.7%,41%,22%,17%,0.41,AA-,5.44%,129.3,42.1,-1.6%,43,金轮转债!,
24,久吾转债,123047,2020-04-17,久吾高科,300631,机械装备,专用设备,116.5,0.43%,-1.34%,18.68,-1.32%,21,7.1%,130.1,17.76,2.84,105.18,10.8%,3月26天,5.80年,3.80年,12.9%,13.5%,2.5,20,1.97%,1.12%,-2.36%,-2.64%,80.99,88.16,37.98,126.14,-7.6%,59%,9%,18%,0.69,A+,7.14%,127.8,39.7,4.3%,17,久吾转债,
20,利群转债!,113033,2020-04-21,利群股份,601366,商业零售,商场,103.13,1.11%,-1.11%,5.56,0.00%,12,0.7%,115.3,7.16,1.04,77.65,32.8%,4月8天,5.83年,3.83年,37.6%,29.2%,18,48,1.97%,1.48%,0.16%,-0.02%,87.39,89.92,11.97,101.90,1.2%,33%,19%,17%,0.37,AA,4.44%,128.6,38.7,-5.2%,28,利群转债!,
32,红相转债,123044,2020-04-13,红相股份,300427,能源电力,电力设备,112.61,0.27%,0.16%,16.74,0.90%,5.1,0.8%,125.5,18.93,2.59,88.43,27.3%,3月18天,5.78年,3.78年,9.8%,8.6%,5.9,60,1.94%,1.19%,-1.78%,-2.01%,85.43,93.09,19.29,112.38,0.2%,49%,18%,17%,0.48,AA-,5.44%,136.8,43.7,-4.5%,16,红相转债,
137,明泰转债!,113025,2019-05-07,明泰铝业,601677,有色金属,铝金属,105.15,0.62%,-0.56%,8.81,0.23%,4.6,0.2%,115.1,11.30,0.79,77.96,34.9%,转股中,4.86年,2.86年,33.9%,26.4%,18,54,1.91%,1.34%,-0.55%,-0.77%,91.91,95.39,8.23,103.62,1.5%,29%,20%,16%,0.29,AA,4.02%,132.3,36.9,-2.4%,33,明泰转债!,
219,吉视转债!,113017,2018-01-15,吉视传媒,601929,传媒娱乐,影视娱乐,102.8,1.09%,-0.32%,2.15,4.37%,33,2.1%,109.8,2.95,1.01,72.88,41.1%,转股中,3.57年,1.57年,23.3%,17.0%,16,67,1.90%,1.37%,-0.14%,-0.43%,96.61,97.26,3.47,100.73,2.1%,32%,23%,16%,0.18,AA+,3.52%,132.7,35.5,5.9%,51,吉视转债!,
193,凯中转债!,128042,2018-09-03,凯中精密,002823,能源电力,电力设备,108.3,2.27%,-0.92%,10.79,4.35%,11,2.4%,116.9,13.01,2.42,82.94,30.6%,转股中,4年58天,2年58天,13.3%,11.0%,4.2,31,1.89%,1.16%,-1.99%,-2.27%,94.43,99.56,8.68,108.25,0.0%,58%,18%,17%,0.31,AA,4.02%,133.7,34.1,6.6%,26,凯中转债!,
63,开润转债!,123039,2020-01-23,开润股份,300577,服装纺织,纺织行业,109.856,0.60%,0.40%,28.31,1.80%,1.2,0.5%,121.5,33.22,6.78,85.22,28.9%,30天,5.57年,3.57年,3.6%,3.1%,2.2,62,1.87%,1.19%,-1.32%,-1.56%,81.10,83.50,22.49,105.99,3.6%,65%,22%,16%,0.55,A+,7.14%,134.5,51.0,4.7%,23,开润转债!,
153,苏银转债!,110053,2019-04-03,江苏银行,600919,金融,银行行业,109.35,0.11%,-0.28%,5.92,-0.67%,57,0.3%,119.1,7.56,0.59,78.31,39.6%,转股中,4.78年,无权,29.3%,22.9%,200,683,1.85%,1.14%,无权,无权,无权,103.72,7.16,110.87,-1.4%,19%,17%,18%,0.25,AAA,3.02%,140.4,36.7,-0.5%,53,苏银转债!,
40,君禾转债,113567,2020-04-03,君禾股份,603617,机械装备,通用设备,107.59,0.56%,-0.06%,10.61,0.76%,2.0,0.9%,119.3,11.46,2.48,92.58,16.2%,3月10天,5.76年,3.76年,9.9%,9.2%,2.1,21,1.85%,1.25%,-0.76%,-0.97%,79.97,80.96,31.07,112.02,-4.0%,57%,14%,18%,0.66,A+,7.14%,122.6,41.6,-17.9%,29,君禾转债,
38,正元转债,123043,2020-03-31,正元智慧,300645,计算机及,软件开发,109.56,1.12%,-0.67%,14.28,0.71%,15,8.0%,121.4,15.47,3.03,92.31,18.7%,3月11天,5.76年,3.76年,9.7%,8.9%,1.8,18,1.84%,1.19%,-1.19%,-1.41%,80.02,82.35,29.30,111.65,-1.9%,68%,16%,17%,0.64,A+,7.14%,126.8,44.5,-0.1%,15,正元转债,
176,华源转债!,128049,2018-12-20,华源控股,002787,造纸包装,包装材料,106.5,0.08%,-0.30%,6.78,-0.44%,1.4,0.3%,115.2,7.52,1.46,90.16,18.1%,转股中,4.49年,2.49年,19.0%,17.1%,4.0,21,1.80%,1.18%,-1.07%,-1.32%,91.03,92.90,17.73,110.63,-3.7%,64%,14%,18%,0.49,AA-,5.02%,122.8,29.9,-1.9%,60,华源转债!,
142,海环转债!,113532,2019-04-24,海峡环保,603817,城市公用,三废处理,103.73,0.57%,0.03%,6.08,1.84%,1.8,0.4%,112.9,7.75,1.64,78.45,32.2%,转股中,4.84年,2.84年,16.8%,13.2%,4.6,27,1.80%,1.30%,-0.11%,-0.33%,91.96,93.65,9.53,103.18,0.5%,38%,19%,17%,0.33,AA,4.02%,129.0,35.4,0.5%,31,海环转债!,
126,蓝晓转债!,123027,2019-07-04,蓝晓科技,300487,石油天然,化工,110.123,0.11%,-0.74%,26.18,-1.02%,2.4,0.8%,120,29.58,4.15,88.51,24.4%,转股中,5年9天,3年9天,4.6%,4.1%,2.5,55,1.77%,1.06%,-1.53%,-1.82%,84.47,85.67,19.49,105.16,4.7%,77%,24%,17%,0.62,A+,7.14%,131.7,46.1,-1.7%,22,蓝晓转债!,
177,山鹰转债,110047,2018-12-10,山鹰纸业,600567,造纸包装,包装用纸,109.4,0.37%,-0.84%,2.91,-1.36%,1.7,0.1%,118.1,3.34,0.97,87.13,25.6%,转股中,4.47年,2.47年,17.2%,15.0%,23,134,1.76%,1.04%,-2.12%,-2.37%,94.49,101.48,10.26,111.74,-2.1%,31%,15%,17%,0.35,AA+,3.52%,131.7,30.2,-2.9%,40,山鹰转债,
17,鲁泰转债,127016,2020-05-13,鲁 泰Ａ,000726,服装纺织,纺织行业,105.1,0.29%,-0.12%,7.59,0.40%,10,0.7%,116.2,9.01,0.83,84.24,24.8%,4月15天,5.85年,3.85年,21.5%,18.1%,14,65,1.76%,1.26%,-0.34%,-0.51%,88.89,93.04,13.11,106.15,-1.0%,21%,16%,16%,0.42,AA+,3.94%,126.0,32.9,-4.5%,16,鲁泰转债,
120,荣晟转债!,113541,2019-08-13,荣晟环保,603165,造纸包装,包装用纸,105.85,0.93%,-0.44%,11.46,0.97%,1.3,0.4%,115.5,13.06,1.40,87.75,20.6%,转股中,5年51天,3年51天,11.6%,10.2%,3.3,28,1.75%,1.20%,-0.54%,-0.77%,87.49,88.52,19.55,108.07,-2.1%,53%,16%,18%,0.51,AA-,5.44%,124.0,35.4,-22.6%,55,荣晟转债!,
46,奥佳转债!,128097,2020-03-18,奥佳华,002614,机械装备,专用设备,104.85,0.39%,-0.48%,8.52,-0.23%,5.7,0.5%,115.3,10.69,1.43,79.70,31.6%,3月2天,5.74年,3.74年,25.1%,20.0%,12,48,1.70%,1.21%,-0.26%,-0.45%,87.76,90.30,12.91,103.21,1.6%,43%,20%,17%,0.39,AA,4.44%,130.0,39.7,-4.3%,31,奥佳转债!,
211,杭电转债!,113505,2018-03-27,杭电股份,603618,能源电力,电力设备,105.69,1.15%,-1.19%,5.67,-0.18%,6.2,0.8%,112.3,7.24,1.63,78.31,35.0%,转股中,3.76年,1.76年,19.1%,15.0%,7.5,39,1.66%,1.04%,-1.44%,-1.72%,95.33,97.09,5.99,103.08,2.5%,44%,22%,16%,0.25,AA,4.02%,133.1,36.0,-9.7%,41,杭电转债!,
127,文灿转债!,113537,2019-07-05,文灿股份,603348,汽车,零部件制,112.55,0.92%,-1.71%,18.14,-1.57%,5.4,0.9%,122,19.78,1.83,91.71,22.7%,转股中,5年8天,3年8天,13.5%,12.4%,5.7,42,1.66%,0.90%,-2.21%,-2.49%,88.84,94.17,19.13,113.30,-0.7%,57%,17%,17%,0.50,AA-,5.44%,133.4,39.2,4.5%,31,文灿转债!,
3,康隆转债,113580,2020-05-20,康隆达,603665,服装纺织,服装行业,110.45,0.14%,-0.03%,24.48,0.16%,1.8,0.8%,121.2,24.45,2.36,100.12,10.3%,4月29天,5.89年,3.89年,8.2%,8.2%,2.0,24,1.62%,0.99%,-1.46%,-1.65%,84.16,89.26,28.76,118.02,-6.4%,33%,10%,17%,0.63,AA-,5.44%,120.8,31.5,-1.9%,7,康隆转债,
136,核能转债!,113026,2019-05-08,中国核电,601985,能源电力,核电,101.79,0.12%,-0.28%,4.03,-1.23%,43,0.5%,109.8,6.20,1.25,65.00,56.6%,转股中,4.87年,2.87年,12.4%,8.1%,78,627,1.60%,1.21%,0.49%,0.28%,94.44,95.24,2.43,97.67,4.2%,19%,22%,15%,0.13,AAA,3.02%,138.6,43.3,-4.7%,51,核能转债!,
44,天目转债,113564,2020-03-16,天目湖,603136,旅游餐饮,旅游,116,1.28%,-1.04%,22.79,0.44%,5.7,1.6%,126.7,23.80,3.01,95.76,21.1%,3月7天,5.75年,3.75年,11.3%,10.9%,3.0,26,1.58%,0.80%,-2.64%,-2.85%,85.26,94.08,22.33,116.41,-0.3%,52%,16%,16%,0.55,AA-,5.44%,136.2,42.2,-2.2%,13,天目转债,
244,骆驼转债!,113012,2017-07-18,骆驼股份,601311,汽车,零部件制,103.44,0.42%,-0.39%,9.06,0.44%,4.1,0.8%,107.8,13.29,1.21,68.17,51.7%,转股中,2.81年,0.81年,6.5%,4.4%,5.1,78,1.50%,0.97%,-1.87%,-2.18%,98.02,97.50,1.63,99.13,4.4%,37%,31%,16%,0.07,AA,3.69%,138.7,40.7,0.7%,17,骆驼转债!,
51,银河转债!,123042,2020-02-14,金银河,300619,机械装备,专用设备,106.8,0.30%,0.49%,19.64,1.50%,70,38.4%,115.9,24.46,3.09,80.29,33.0%,48天,5.62年,3.62年,11.4%,9.1%,1.7,15,1.50%,0.98%,-0.65%,-0.86%,80.54,79.37,22.27,101.63,5.1%,50%,26%,18%,0.53,A+,7.14%,133.3,52.8,2.5%,27,银河转债!,
22,同德转债,128103,2020-04-21,同德化工,002360,石油天然,化工,112.25,1.77%,-0.95%,4.81,1.26%,26,16.1%,121.8,5.18,1.65,92.86,20.9%,4月9天,5.82年,3.82年,7.6%,7.1%,1.4,19,1.44%,0.79%,-1.75%,-1.97%,79.81,82.30,30.07,112.37,-0.1%,34%,18%,17%,0.65,A+,7.14%,131.6,49.3,-1.8%,9,同德转债,
88,海亮转债,128081,2019-12-16,海亮股份,002203,有色金属,铜金属,106.886,1.83%,-1.48%,8.75,0.69%,7.9,0.2%,115.2,9.83,1.94,89.01,20.1%,转股中,5.47年,3.47年,18.4%,16.4%,32,171,1.40%,0.90%,-0.84%,-1.03%,88.67,91.24,17.52,108.76,-1.7%,28%,16%,17%,0.49,AA,4.44%,124.8,33.5,-3.3%,54,海亮转债,
158,博彦转债,128057,2019-04-02,博彦科技,002649,计算机及,软件开发,109.8,1.31%,-0.39%,8.26,1.72%,6.1,1.0%,117.1,8.81,1.63,93.76,17.1%,转股中,4.76年,2.76年,12.3%,11.5%,5.4,44,1.39%,0.74%,-1.99%,-2.22%,89.91,93.20,18.90,112.09,-2.0%,76%,14%,16%,0.53,AA-,5.02%,125.8,32.6,-3.1%,31,博彦转债,
23,龙净转债!,110068,2020-04-15,龙净环保,600388,城市公用,三废处理,106.34,0.88%,-0.93%,8.78,-0.11%,27,1.3%,115,10.93,1.71,80.33,32.4%,4月0天,5.81年,3.81年,21.3%,17.1%,20,94,1.38%,0.91%,-0.68%,-0.85%,88.85,92.21,11.96,104.17,2.1%,30%,21%,17%,0.38,AA+,3.94%,132.4,40.1,-0.2%,27,龙净转债!,
139,核建转债!,113024,2019-04-26,中国核建,601611,建筑,建筑工程,102.82,0.12%,-0.10%,6.12,0.16%,7.2,0.2%,109.7,9.87,1.58,62.01,65.8%,转股中,4.85年,2.85年,18.5%,11.5%,30,162,1.37%,0.99%,0.12%,-0.08%,94.40,95.20,2.19,97.39,5.6%,32%,30%,16%,0.11,AAA,3.02%,143.6,48.4,-2.7%,42,核建转债!,
82,鹰19转债,110063,2020-01-03,山鹰纸业,600567,造纸包装,包装用纸,107.9,0.60%,-1.21%,2.91,-1.36%,1.9,0.1%,116.2,3.30,0.97,88.18,22.4%,17天,5.53年,3.53年,13.9%,12.3%,19,134,1.37%,0.84%,-1.12%,-1.30%,89.85,94.19,15.13,109.32,-1.3%,31%,16%,17%,0.45,AA+,3.94%,127.6,33.4,-2.9%,47,鹰19转债,
188,岭南转债!,128044,2018-09-04,岭南股份,002717,城市公用,生态环境,105.801,0.14%,-0.61%,5.1,-1.16%,5.5,0.8%,111.8,5.92,1.71,86.15,22.8%,转股中,4.20年,2.20年,8.4%,7.2%,6.6,78,1.35%,0.82%,-1.01%,-1.28%,94.18,95.07,11.24,106.30,-0.5%,66%,17%,16%,0.41,AA,4.02%,125.5,30.4,9.3%,31,岭南转债!,
107,金能转债,113545,2019-11-07,金能科技,603113,煤炭,炼焦,107.52,0.48%,-0.48%,10.08,0.00%,3.1,0.2%,115.3,11.40,1.19,88.42,21.6%,转股中,5.37年,3.37年,22.0%,19.5%,15,68,1.34%,0.82%,-1.00%,-1.21%,89.17,91.75,16.76,108.50,-0.9%,43%,17%,17%,0.48,AA,4.44%,126.6,34.9,1.8%,25,金能转债,
66,东风转债,113030,2020-01-20,东风股份,601515,造纸包装,包装材料,109.21,1.10%,-0.95%,5.87,0.34%,1.4,0.5%,117.3,6.90,1.87,85.07,28.4%,28天,5.56年,3.56年,3.8%,3.2%,3.0,78,1.32%,0.76%,-1.37%,-1.56%,88.42,92.55,14.05,106.59,2.5%,40%,21%,16%,0.43,AA,4.44%,133.3,40.8,-1.8%,17,东风转债,
96,金力转债!,123033,2019-11-25,金力永磁,300748,电子,元器件制,113.8,0.89%,-0.52%,39,0.65%,489,98.8%,121.9,41.09,13.27,94.91,19.9%,转股中,5.42年,3.42年,2.7%,2.6%,4.4,161,1.31%,0.61%,-2.15%,-2.42%,87.42,92.22,22.62,114.84,-0.9%,75%,16%,16%,0.57,AA-,5.44%,132.7,40.5,11.9%,28,金力转债!,
50,星帅转债,128094,2020-02-19,星帅尔,002860,家电,零部件制,113.2,-0.26%,-2.05%,14.33,-3.18%,6.8,2.1%,121.5,13.95,1.89,102.72,10.2%,50天,5.63年,3.63年,9.8%,10.1%,2.8,29,1.29%,0.63%,-2.09%,-2.31%,80.78,83.17,36.37,119.54,-5.3%,63%,11%,17%,0.73,A+,7.14%,123.7,40.5,-16.4%,32,星帅转债,
14,滨化转债,113034,2020-04-30,滨化股份,601678,石油天然,化工,107.02,1.15%,-1.40%,4.42,-0.45%,16,0.6%,115.1,4.78,1.09,92.47,15.7%,4月16天,5.86年,3.86年,35.2%,32.5%,24,68,1.27%,0.80%,-0.81%,-0.98%,87.10,89.64,21.16,110.80,-3.4%,46%,14%,17%,0.55,AA,4.44%,121.6,31.9,-1.8%,28,滨化转债,
247,海印转债!,127003,2016-07-01,海印股份,000861,商业零售,商场,110.603,-0.45%,-0.26%,3.01,-1.63%,8.7,0.8%,113.3,3.01,1.91,100.00,10.6%,转股中,2年7.0天,7.0天,14.0%,14.0%,9.4,67,1.23%,0.02%,-47.3%,-49.1%,101.13,105.47,9.06,114.54,-3.4%,31%,11%,16%,0.43,AA,3.69%,121.2,15.7,2.5%,87,海印转债!,
43,翔港转债,113566,2020-03-31,翔港科技,603499,造纸包装,包装材料,116.46,0.60%,-0.96%,17.27,-0.46%,23,9.8%,124.5,15.16,4.59,113.92,2.2%,3月7天,5.75年,3.75年,8.2%,9.3%,2.0,24,1.19%,0.47%,-2.72%,-2.94%,80.20,84.53,45.52,130.05,-10.4%,63%,<2%,18%,0.77,A+,7.14%,119.0,34.5,6.7%,22,翔港转债,
159,贵广转债!,110052,2019-03-29,贵广网络,600996,传媒娱乐,影视娱乐,112.3,3.07%,0.77%,7.8,8.03%,162,9.4%,118.5,8.04,1.83,97.01,15.8%,转股中,4.76年,2.76年,18.6%,18.1%,15,82,1.16%,0.47%,-2.67%,-2.91%,93.94,100.86,15.69,116.55,-3.6%,44%,12%,16%,0.48,AA+,3.52%,127.6,26.7,9.3%,16,贵广转债!,
217,道氏转债!!,123007,2018-01-26,道氏技术,300409,建筑,建筑行业,106.97,0.72%,-0.50%,11.21,0.99%,2.1,0.6%,111.3,14.95,2.14,74.98,42.7%,转股中,3.58年,1.58年,5.9%,4.4%,3.0,52,1.14%,0.55%,-2.25%,-2.56%,94.49,93.76,5.74,99.50,7.5%,63%,31%,16%,0.23,AA-,5.02%,139.0,44.5,-3.3%,17,道氏转债!!,
8,聚飞转债,123050,2020-05-15,聚飞光电,300303,电子,LED行,116.4,0.42%,-0.19%,5.15,0.39%,18,2.2%,124.2,5.28,2.91,97.54,19.3%,4月20天,5.87年,3.87年,10.7%,10.4%,7.1,66,1.13%,0.44%,-2.75%,-2.94%,84.27,91.58,25.82,117.40,-0.8%,45%,17%,17%,0.59,AA-,5.44%,135.3,43.7,-7.0%,9,聚飞转债,
157,拓邦转债,128058,2019-04-08,拓邦股份,002139,电子,电子行业,116.622,0.97%,-0.80%,5.27,0.38%,9.1,1.4%,122.6,5.54,2.18,95.13,22.6%,转股中,4.76年,2.76年,10.7%,10.2%,5.7,54,1.08%,0.27%,-3.71%,-3.99%,93.24,102.06,15.00,117.06,-0.4%,49%,17%,16%,0.45,AA,4.02%,138.1,36.1,-3.6%,23,拓邦转债,
209,敖东转债!,127006,2018-05-11,吉林敖东,000623,金融,证券行业,103.79,0.37%,-0.45%,15.17,-0.39%,7.7,0.3%,108,20.62,0.80,73.57,41.1%,转股中,3.78年,1.78年,13.6%,10.0%,24,176,1.07%,0.67%,-1.06%,-1.23%,95.07,94.91,4.18,99.09,4.7%,31%,26%,16%,0.20,AA+,3.52%,134.0,38.9,-0.9%,27,敖东转债!,
92,白电转债,113549,2019-12-11,白云电器,603861,能源电力,电力设备,108.77,1.42%,-0.84%,8.15,1.12%,2.6,0.3%,115.1,8.99,1.55,90.66,20.0%,转股中,5.46年,3.46年,23.9%,21.7%,8.8,37,1.06%,0.56%,-1.35%,-1.54%,88.64,91.21,17.70,108.91,-0.1%,41%,17%,16%,0.52,AA,4.44%,126.9,35.7,-2.4%,38,白电转债,
4,交科转债,128107,2020-05-22,浙江交科,002061,建筑,建筑工程,108.6,0.64%,-0.85%,5.27,-0.38%,75,2.8%,115.3,5.48,0.94,96.17,12.9%,4月28天,5.89年,3.89年,34.5%,33.2%,25,72,1.04%,0.57%,-1.12%,-1.30%,88.87,92.22,21.67,113.89,-4.6%,42%,12%,17%,0.56,AA+,3.94%,121.0,28.8,-3.6%,12,交科转债,
35,百达转债,113570,2020-04-08,百达精工,603331,机械装备,机械装备,108.85,0.88%,-0.56%,15.8,0.45%,3.2,1.1%,115.3,16.39,2.63,96.40,12.9%,3月17天,5.78年,3.78年,13.8%,13.3%,2.8,20,1.02%,0.54%,-1.21%,-1.39%,79.30,78.03,34.09,112.12,-2.9%,39%,14%,17%,0.71,A+,7.14%,121.3,42.0,-4.7%,28,百达转债,
117,合兴转债!,128071,2019-09-16,合兴包装,002228,造纸包装,包装材料,109.32,0.85%,-0.07%,4.02,1.52%,4.3,0.7%,115.1,4.38,1.57,91.78,19.1%,转股中,5.21年,3.21年,12.7%,11.6%,6.0,47,1.01%,0.49%,-1.60%,-1.80%,89.61,92.20,19.26,111.46,-1.9%,37%,17%,18%,0.52,AA,4.44%,126.9,34.7,9.9%,29,合兴转债!,
147,招路转债!,127012,2019-04-30,招商公路,001965,机场高速,高速,103.25,0.35%,-0.42%,6.77,-0.29%,53,1.0%,108.2,9.09,0.87,74.48,38.6%,转股中,4.81年,2.81年,12.0%,8.9%,50,418,0.99%,0.66%,-0.43%,-0.56%,93.36,93.94,5.12,99.06,4.2%,31%,23%,15%,0.24,AAA,3.02%,132.0,38.1,-2.4%,38,招路转债!,
200,博世转债!,123010,2018-08-14,博世科,300422,城市公用,三废处理,108.78,0.26%,-0.26%,10.89,0.00%,7.0,1.5%,112.9,12.38,2.25,87.96,23.7%,转股中,4年33天,2年33天,11.1%,9.8%,4.3,39,0.93%,0.35%,-2.24%,-2.53%,92.69,92.81,14.67,107.49,1.2%,66%,20%,17%,0.46,AA-,5.02%,129.6,36.8,-3.0%,25,博世转债!,
152,伊力转债!,110055,2019-04-04,伊力特,600197,食品饮料,白酒,110.2,0.69%,-0.48%,14.6,0.55%,4.7,0.5%,115,17.25,2.37,84.64,30.2%,转股中,4.79年,2.79年,13.8%,11.7%,8.8,63,0.91%,0.34%,-2.12%,-2.34%,92.24,95.58,11.30,106.89,3.1%,41%,22%,16%,0.38,AA,4.02%,135.8,40.2,3.9%,29,伊力转债!,
48,奥瑞转债,128096,2020-03-16,奥瑞金,002701,造纸包装,包装材料,110.5,1.21%,-0.89%,3.99,0.76%,4.4,0.4%,116,4.70,1.62,84.89,30.2%,2月16天,5.70年,3.70年,11.6%,9.8%,11,94,0.87%,0.37%,-1.49%,-1.70%,90.02,93.53,13.31,106.83,3.4%,27%,22%,16%,0.42,AA+,3.94%,136.1,42.6,-0.0%,26,奥瑞转债,
216,江银转债!,128034,2018-02-14,江阴银行,002807,金融,银行行业,105.834,0.21%,-0.49%,4.03,-0.74%,6.0,0.3%,109.1,4.68,0.75,86.11,22.9%,转股中,3.65年,无权,20.1%,17.3%,18,88,0.85%,0.38%,无权,无权,无权,96.32,10.04,106.37,-0.5%,35%,19%,18%,0.38,AA+,3.52%,125.6,29.2,-1.4%,32,江银转债!,
175,福能转债!,110048,2018-12-28,福能股份,600483,能源电力,电力供应,109.71,0.44%,-0.39%,7.19,0.14%,3.7,0.1%,113.9,8.48,0.91,84.79,29.4%,转股中,4.52年,2.52年,25.4%,21.5%,28,112,0.85%,0.29%,-2.20%,-2.44%,94.32,97.73,9.64,107.36,2.2%,29%,21%,16%,0.35,AA+,3.52%,134.6,36.9,-3.0%,9,福能转债!,
228,特一转债!,128025,2017-12-28,特一药业,002728,医药,化学制药,106.881,0.74%,-0.37%,13.58,0.74%,5.9,1.8%,109.8,14.70,2.39,92.38,15.7%,转股中,3.51年,1.51年,10.8%,10.0%,3.0,28,0.78%,0.26%,-2.45%,-2.74%,94.51,92.74,15.63,108.37,-1.4%,31%,16%,17%,0.50,AA-,5.02%,121.4,26.9,-1.2%,42,特一转债!,
173,光华转债!,128051,2019-01-09,光华科技,002741,电子,元器件制,111.65,0.40%,-1.32%,11.43,-1.89%,25,9.0%,115.5,12.72,3.64,89.86,24.3%,转股中,4.54年,2.54年,5.8%,5.3%,2.5,43,0.77%,0.15%,-2.68%,-2.94%,91.09,92.95,16.93,109.88,1.6%,42%,20%,17%,0.49,AA-,5.02%,133.4,40.5,-4.2%,25,光华转债!,
83,新北转债!,128083,2019-12-31,新北洋,002376,电子,电子行业,110.567,1.06%,-1.42%,10.04,-0.79%,4.0,0.4%,115.2,11.70,1.96,85.81,28.8%,16天,5.53年,3.53年,13.1%,11.3%,8.8,67,0.76%,0.26%,-1.74%,-1.92%,88.45,91.01,15.77,106.78,3.6%,41%,23%,17%,0.45,AA,4.44%,135.3,44.3,0.1%,19,新北转债!,
27,联创转债!,128101,2020-04-13,联创电子,002036,电子,液晶显示,110.32,0.29%,-1.16%,10.79,-2.71%,6.4,1.9%,115.1,14.48,3.32,74.52,48.0%,3月21天,5.79年,3.79年,3.0%,2.2%,3.0,100,0.75%,0.28%,-1.59%,-1.76%,87.36,89.90,10.30,100.20,10.1%,53%,33%,17%,0.32,AA,4.44%,146.1,56.2,-24.1%,15,联创转债!,
138,鼎胜转债!,113534,2019-04-30,鼎胜新材,603876,有色金属,小金属,111.05,0.95%,-0.15%,13.93,1.68%,9.1,0.7%,114.9,15.28,1.64,91.16,21.8%,转股中,4.85年,2.85年,19.8%,18.1%,12,60,0.72%,0.16%,-2.35%,-2.57%,91.89,95.23,15.14,110.37,0.6%,53%,18%,16%,0.47,AA,4.02%,130.9,35.7,1.3%,38,鼎胜转债!,
21,华体转债,113574,2020-04-27,华体科技,603679,城市公用,城市公用,111.72,0.12%,0.40%,41.9,0.82%,4.2,1.8%,116.4,47.72,6.00,87.80,27.2%,4月7天,5.83年,3.83年,4.9%,4.3%,2.1,43,0.72%,0.22%,-1.66%,-1.87%,79.63,78.60,27.18,105.78,5.6%,49%,24%,16%,0.64,A+,7.14%,135.6,56.0,-5.5%,8,华体转债,
215,无锡转债!,110043,2018-03-14,无锡银行,600908,金融,银行行业,106.36,0.58%,-0.99%,5.02,-1.18%,9.9,0.3%,109.1,5.97,0.81,84.09,26.5%,转股中,3.67年,无权,32.3%,27.2%,30,93,0.71%,0.24%,无权,无权,无权,96.29,9.15,105.44,0.9%,31%,21%,18%,0.35,AA+,3.52%,128.6,32.3,-0.5%,38,无锡转债!,
93,利德转债!,123035,2019-12-09,利亚德,300296,电子,LED行,111.301,0.44%,0.79%,5.69,3.27%,10,1.1%,115.6,6.98,1.72,81.52,36.5%,转股中,5.45年,3.45年,5.5%,4.5%,8.0,145,0.71%,0.20%,-1.85%,-2.06%,90.67,94.07,11.63,105.70,5.3%,50%,25%,17%,0.38,AA+,3.94%,141.1,47.0,-0.9%,18,利德转债!,
100,北方转债,127014,2019-11-21,北方国际,000065,建筑,建筑工程,111.452,0.41%,-0.62%,7.26,-0.55%,0.3,0.0%,115.6,8.84,1.15,82.13,35.7%,转股中,5.40年,3.40年,10.3%,8.5%,5.8,56,0.69%,0.17%,-1.92%,-2.14%,90.87,94.28,11.80,106.08,5.1%,48%,25%,17%,0.38,AA+,3.94%,140.8,46.5,-3.7%,19,北方转债,
132,亚泰转债!,128066,2019-05-14,郑中设计,002811,建筑,装饰工程,114,1.06%,-1.02%,16.08,0.06%,46,8.4%,117.5,14.80,1.93,108.65,4.9%,转股中,4.88年,2.88年,16.6%,18.0%,4.8,29,0.63%,0.00%,-3.05%,-3.29%,89.60,93.01,29.92,122.93,-7.3%,43%,6%,16%,0.70,AA-,5.02%,119.4,26.3,9.0%,66,亚泰转债!,
214,大族转债!,128035,2018-03-05,大族激光,002008,机械装备,专用设备,105.803,0.67%,-0.64%,30.42,1.81%,3.8,0.2%,108,52.30,3.88,58.16,81.9%,转股中,3.68年,1.68年,7.1%,4.1%,23,325,0.57%,0.15%,-0.72%,-1.18%,97.95,95.23,3.27,98.50,7.4%,44%,42%,16%,0.02,AA+,3.52%,153.4,55.5,-2.2%,20,大族转债!,
60,唐人转债,128092,2020-01-22,唐人神,002567,农业,畜牧业,111.95,1.65%,-1.99%,8.54,-0.58%,22,1.6%,115.3,8.86,2.02,96.39,16.1%,34天,5.58年,3.58年,17.4%,16.7%,12,71,0.54%,0.05%,-2.02%,-2.21%,88.36,90.91,21.92,112.83,-0.8%,54%,16%,16%,0.58,AA,4.44%,127.5,36.6,-11.6%,34,唐人转债,
135,创维转债!,127013,2019-05-16,创维数字,000810,电子,电子行业,115,1.05%,-1.75%,10.86,-1.45%,15,1.4%,117.9,11.49,3.07,94.52,21.7%,转股中,4.87年,2.87年,8.5%,8.0%,9.8,116,0.52%,-0.12%,-3.47%,-3.67%,91.83,97.64,16.16,113.81,1.1%,51%,19%,16%,0.48,AA,4.02%,135.5,37.8,-0.9%,25,创维转债!,
91,常汽转债,113550,2019-12-12,常熟汽饰,603035,汽车,零部件制,118.5,0.25%,-1.19%,10.59,-1.40%,11,0.9%,121.8,9.93,1.10,106.65,11.1%,转股中,5.47年,3.47年,33.5%,35.7%,9.9,30,0.52%,-0.17%,-3.39%,-3.62%,86.62,91.83,31.71,123.54,-4.1%,40%,13%,17%,0.68,AA-,5.44%,130.4,38.5,-5.3%,20,常汽转债,
12,应急转债,123048,2020-05-11,中国应急,300527,机械装备,专用设备,110.066,0.65%,-0.11%,8.41,0.96%,6.9,0.8%,113.1,8.90,3.64,94.49,16.5%,4月16天,5.86年,3.86年,10.7%,10.1%,8.2,77,0.47%,0.06%,-1.50%,-1.67%,88.79,90.55,21.23,111.78,-1.5%,61%,16%,17%,0.56,AA+,3.94%,125.6,35.1,-1.8%,10,应急转债,
67,淮矿转债!,110065,2020-01-13,淮北矿业,600985,煤炭,煤炭开采,108.52,0.64%,-0.19%,8.91,0.91%,13,0.4%,111,9.93,0.98,89.73,20.9%,27天,5.56年,3.56年,14.3%,12.8%,28,194,0.41%,0.05%,-1.27%,-1.45%,91.33,92.28,15.42,107.70,0.8%,42%,18%,16%,0.49,AAA,3.44%,127.3,35.0,4.5%,25,淮矿转债!,
98,天路转债,110060,2019-11-28,西藏天路,600326,建筑,水泥,113.04,1.76%,-1.59%,6.71,0.30%,3.2,0.3%,115.3,7.24,1.72,92.68,22.0%,转股中,5.41年,3.41年,18.7%,17.3%,11,58,0.37%,-0.13%,-2.38%,-2.58%,89.02,91.59,18.88,110.47,2.3%,44%,20%,16%,0.54,AA,4.44%,133.4,41.8,-6.6%,15,天路转债,
230,众信转债!,128022,2017-12-28,众信旅游,002707,旅游餐饮,旅游,108.46,3.20%,0.30%,6.67,10.1%,113,15.2%,109.8,7.91,2.78,84.32,28.6%,转股中,3.50年,1.50年,11.9%,10.1%,7.0,59,0.36%,-0.17%,-3.33%,-3.61%,96.08,95.90,9.02,104.92,3.4%,45%,24%,17%,0.35,AA,4.02%,132.6,36.5,25.1%,27,众信转债!,
119,好客转债,113542,2019-08-23,好莱客,603898,其他,家居用品,113.23,2.93%,-0.78%,15.7,3.97%,17,2.5%,115.3,16.62,2.05,94.46,19.9%,转股中,5.17年,3.17年,13.0%,12.2%,6.3,49,0.36%,-0.17%,-2.60%,-2.81%,89.96,92.56,19.98,112.54,0.6%,32%,19%,17%,0.54,AA,4.44%,132.0,39.4,12.1%,24,好客转债,
42,桐20转债!,113032,2020-03-20,桐昆股份,601233,服装纺织,纺织行业,110.8,0.17%,-0.76%,12.24,-1.37%,6.1,0.2%,113.1,14.58,1.21,83.95,32.0%,3月7天,5.75年,3.75年,10.2%,8.5%,23,226,0.36%,-0.05%,-1.71%,-1.89%,89.16,90.92,13.54,104.47,6.1%,49%,25%,16%,0.43,AA+,3.94%,137.6,46.7,4.5%,23,桐20转债!,
33,华安转债,110067,2020-04-09,华安证券,600909,金融,证券行业,108.28,0.10%,-0.21%,7.1,-0.28%,38,1.3%,110.5,8.77,1.89,80.96,33.7%,3月18天,5.78年,无权,10.9%,8.8%,28,257,0.36%,0.02%,无权,无权,无权,91.10,12.28,103.38,4.7%,39%,25%,18%,0.39,AAA,3.44%,135.6,44.5,-0.9%,24,华安转债,
182,张行转债,128048,2018-11-29,张家港行,002839,金融,银行行业,112.319,0.28%,-0.83%,5.26,-1.31%,3.9,0.1%,113.9,5.91,0.90,89.00,26.2%,转股中,4.45年,无权,26.3%,23.4%,25,95,0.32%,-0.24%,无权,无权,无权,97.96,13.05,111.01,1.2%,42%,21%,18%,0.41,AA+,3.52%,135.6,37.7,-2.5%,18,张行转债,
114,九洲转债,123030,2019-09-12,九洲电气,300040,能源电力,电力设备,118.68,0.19%,-0.30%,6.32,-0.16%,47,13.0%,120.5,5.70,1.11,110.88,7.0%,转股中,5.22年,3.22年,14.2%,15.8%,3.1,22,0.30%,-0.38%,-3.87%,-4.08%,87.14,91.95,34.44,126.40,-6.1%,43%,10%,18%,0.70,AA-,5.44%,126.5,34.5,-3.1%,36,九洲转债,
128,中环转债,123026,2019-07-01,中环环保,300692,城市公用,三废处理,109.9,1.10%,-0.86%,11.88,0.42%,4.5,1.8%,111.1,12.31,2.16,96.51,13.9%,转股中,4年8天,2年8天,11.9%,11.4%,2.3,20,0.28%,-0.24%,-2.83%,-3.11%,92.86,91.63,21.29,112.92,-2.7%,64%,15%,18%,0.58,AA-,5.02%,123.3,30.4,-1.2%,33,中环转债,
252,国贸转债!,110033,2016-01-19,厦门国贸,600755,交通运输,交通运输,109.29,0.17%,-0.12%,6.19,0.49%,2.4,0.2%,109.7,7.42,0.83,83.42,31.0%,转股中,1.60年,回售中,10.6%,8.8%,12,115,0.24%,-0.89%,回售中,回售中,100.28,105.19,1.24,106.43,2.7%,33%,27%,15%,0.11,AAA,2.69%,135.2,30.0,-0.5%,18,国贸转债!,
144,现代转债,110057,2019-04-30,现代制药,600420,医药,化学制药,109.65,1.74%,-1.15%,8.82,1.38%,13,0.7%,110.8,9.99,1.21,88.29,24.2%,转股中,4.83年,2.83年,17.8%,15.8%,16,91,0.22%,-0.19%,-1.98%,-2.19%,94.55,96.22,11.84,108.05,1.5%,49%,19%,16%,0.42,AAA,3.02%,131.0,34.8,-2.0%,23,现代转债,
154,浙商转债!,113022,2019-03-28,浙商证券,601878,金融,证券行业,109.03,0.35%,-0.42%,9.85,-0.20%,7.3,0.2%,109.8,12.46,2.23,79.05,37.9%,转股中,4.78年,无权,10.7%,8.4%,35,328,0.15%,-0.23%,无权,无权,无权,95.50,8.95,104.46,4.4%,47%,26%,18%,0.32,AAA,3.02%,139.0,43.5,0.6%,24,浙商转债!,
101,索发转债,113547,2019-11-22,索通发展,603612,其他,其他,118.73,0.70%,-1.04%,11.06,-0.54%,3.7,0.3%,119.1,10.67,1.49,103.66,14.5%,转股中,5.40年,3.40年,25.4%,26.3%,9.5,37,0.06%,-0.55%,-3.58%,-3.80%,89.64,94.72,25.93,120.65,-1.6%,61%,16%,17%,0.62,AA,4.44%,133.8,39.1,1.9%,12,索发转债,
5,全筑转债,113578,2020-05-19,全筑股份,603030,建筑,装饰工程,118.4,0.66%,-0.55%,5.93,0.17%,21,4.6%,118.3,5.47,1.48,108.41,9.2%,4月26天,5.88年,3.88年,12.0%,13.0%,3.8,32,-0.01%,-0.55%,-3.22%,-3.39%,87.19,92.04,31.32,123.36,-4.0%,73%,12%,17%,0.67,AA,4.44%,128.4,36.4,7.4%,6,全筑转债,
61,汽模转2,128090,2020-01-23,天汽模,002510,汽车,零部件制,115.3,0.26%,-0.99%,4.23,-1.17%,19,3.6%,115.2,4.19,1.46,100.95,14.2%,27天,5.57年,3.57年,12.1%,12.2%,4.7,39,-0.02%,-0.50%,-2.82%,-3.00%,88.29,90.85,26.80,117.64,-2.0%,47%,16%,18%,0.62,AA,4.44%,129.6,38.8,-8.9%,31,汽模转2,
79,木森转债,128084,2020-01-10,木林森,002745,电子,LED行,117.507,0.01%,-0.97%,13.6,-1.45%,38,1.2%,117.3,12.95,1.68,105.02,11.9%,20天,5.54年,3.54年,15.3%,16.1%,27,174,-0.03%,-0.58%,-3.32%,-3.51%,88.51,92.63,27.11,119.74,-1.9%,59%,15%,16%,0.66,AA,4.44%,130.0,37.4,12.8%,24,木森转债,
80,明阳转债!,113029,2020-01-07,明阳智能,601615,能源电力,风能,113.54,0.57%,-1.38%,12,-1.40%,6.2,0.3%,113.3,12.58,2.41,95.39,19.0%,20天,5.54年,3.54年,10.3%,9.8%,17,166,-0.04%,-0.47%,-2.41%,-2.60%,88.51,89.49,22.68,112.17,1.2%,54%,20%,17%,0.58,AA,4.44%,131.7,42.2,2.4%,25,明阳转债!,
49,柳药转债,113563,2020-02-24,柳药股份,603368,医药,医药商业,113.52,0.82%,-0.61%,32.03,0.38%,3.7,0.4%,113.2,34.94,1.82,91.67,23.8%,50天,5.63年,3.63年,9.7%,8.9%,8.0,83,-0.05%,-0.48%,-2.38%,-2.56%,88.08,89.06,19.75,108.82,4.3%,39%,23%,16%,0.56,AA,4.44%,135.4,46.3,-1.3%,17,柳药转债,
31,三祥转债!,113572,2020-04-09,三祥新材,603663,其他,其他,113.7,0.51%,-1.30%,14.59,-1.02%,35,15.3%,113.2,14.19,5.00,102.82,10.6%,3月18天,5.78年,3.78年,7.4%,7.6%,2.1,28,-0.08%,-0.49%,-2.33%,-2.50%,79.20,76.59,39.88,116.47,-2.4%,45%,15%,17%,0.77,A+,7.14%,124.6,45.4,5.6%,14,三祥转债!,
71,至纯转债,113556,2020-01-09,至纯科技,603690,机械装备,专用设备,127.42,1.76%,-2.06%,31.43,-0.41%,36,8.0%,126.8,29.47,5.89,106.65,19.5%,24天,5.55年,3.55年,4.4%,4.7%,3.6,81,-0.09%,-0.88%,-5.20%,-5.42%,81.28,87.22,36.39,123.61,3.1%,66%,21%,16%,0.73,A+,7.14%,148.2,61.0,-11.6%,14,至纯转债,
235,久立转2!,128019,2017-12-01,久立特材,002318,石油天然,石油天然,110.35,0.32%,-0.12%,7.01,0.43%,2.3,0.2%,109.8,7.62,1.79,91.99,20.0%,转股中,3.44年,1.44年,17.6%,16.2%,10,59,-0.15%,-0.68%,-4.50%,-4.79%,96.32,96.14,12.86,109.01,1.2%,36%,20%,17%,0.46,AA,4.02%,128.7,32.4,0.2%,14,久立转2!,
250,广汽转债!,113009,2016-02-04,广汽集团,601238,汽车,乘用车,107.84,-0.67%,0.65%,9.25,-3.95%,40,1.4%,107.5,14.41,1.19,64.19,68.0%,转股中,1.64年,回售中,2.7%,1.7%,25,947,-0.19%,-1.05%,回售中,回售中,100.25,102.95,0.05,103.00,4.7%,37%,39%,15%,0.01,AAA,2.69%,151.5,48.5,-6.1%,14,广汽转债!,
25,天铁转债,123046,2020-04-17,天铁股份,300587,铁路,铁路设备,119.55,0.25%,0.92%,18.38,1.66%,2.1,0.4%,118.2,17.35,3.19,105.94,12.9%,3月25天,5.80年,3.80年,11.9%,12.7%,4.0,33,-0.20%,-0.74%,-3.46%,-3.65%,84.59,87.52,33.96,121.48,-1.6%,56%,16%,17%,0.71,AA-,5.44%,133.2,45.6,4.3%,7,天铁转债,
7,春秋转债,113577,2020-05-13,春秋电子,603890,电子,电子行业,119.69,0.61%,-3.27%,12.68,-3.50%,11,4.0%,118.2,11.06,2.21,114.65,4.4%,4月20天,5.87年,3.87年,4.9%,5.7%,2.4,49,-0.22%,-0.76%,-3.43%,-3.61%,84.27,87.19,41.87,129.06,-7.3%,61%,<2%,18%,0.76,AA-,5.44%,124.7,37.5,-25.8%,6,春秋转债,
185,利尔转债!,128046,2018-11-09,利尔化学,002258,石油天然,农化,114,1.03%,0.54%,16.72,3.47%,22,2.3%,112.9,18.62,2.71,89.80,27.0%,转股中,4.38年,2.38年,9.7%,8.7%,8.5,88,-0.23%,-0.76%,-3.80%,-4.04%,93.63,95.35,13.41,108.77,4.8%,43%,24%,16%,0.45,AA,4.02%,138.2,42.9,12.5%,11,利尔转债!,
94,川投转债,110061,2019-12-02,川投能源,600674,能源电力,水电,112.35,0.46%,0.09%,8.88,1.14%,7.1,0.2%,111,9.92,1.45,89.52,25.5%,转股中,5.45年,3.45年,10.2%,9.2%,40,391,-0.23%,-0.60%,-2.26%,-2.44%,91.69,92.64,14.99,107.62,4.4%,19%,21%,16%,0.49,AAA,3.44%,135.2,42.5,0.4%,19,川投转债,
129,三星转债,113536,2019-06-24,三星新材,603578,家电,零部件制,116.33,0.27%,-0.90%,21.62,-0.96%,2.1,1.0%,115.2,19.75,3.12,109.47,6.3%,转股中,4.997年,2.997年,9.9%,10.8%,1.9,19,-0.27%,-0.80%,-3.71%,-3.90%,91.28,94.60,29.60,124.20,-6.3%,42%,9%,18%,0.66,AA,4.02%,123.2,28.6,2.0%,42,三星转债,
78,仙鹤转债,113554,2020-01-10,仙鹤股份,603733,造纸包装,造纸行业,120.2,1.43%,0.03%,15.03,2.04%,8.1,0.5%,118.3,13.27,2.47,113.26,6.1%,20天,5.54年,3.54年,13.6%,15.4%,13,92,-0.29%,-0.86%,-3.95%,-4.13%,88.34,93.39,32.72,126.12,-4.7%,47%,10%,16%,0.72,AA,4.44%,127.1,33.7,-1.3%,16,仙鹤转债,
221,蒙电转债!,110041,2018-01-09,内蒙华电,600863,能源电力,电力供应,111.75,0.22%,-0.38%,2.55,-0.39%,1.1,0.1%,110.3,2.82,1.26,90.43,23.6%,转股中,3.56年,1.56年,12.6%,11.4%,19,148,-0.37%,-0.91%,-4.76%,-5.05%,97.70,99.43,9.53,108.96,2.6%,25%,21%,16%,0.40,AAA,3.02%,133.1,33.6,-0.3%,10,蒙电转债!,
201,湖广转债!,127007,2018-08-01,湖北广电,000665,传媒娱乐,影视娱乐,114.88,3.40%,1.36%,5.95,7.79%,294,21.0%,113.1,5.61,0.89,106.06,8.3%,转股中,4年26天,2年26天,20.8%,22.1%,12,58,-0.39%,-0.97%,-4.57%,-4.85%,95.98,98.57,22.02,120.59,-4.7%,45%,11%,17%,0.61,AA+,3.52%,123.7,25.1,15.5%,18,湖广转债!,
109,游族转债!,128074,2019-10-21,游族网络,002174,通信互联,互联网,122.798,1.87%,-0.61%,19.15,1.86%,66,4.8%,120.3,17.06,3.36,112.25,9.4%,转股中,5.31年,3.31年,6.8%,7.6%,12,170,-0.39%,-1.04%,-4.77%,-4.96%,89.40,95.95,30.94,126.89,-3.2%,47%,13%,17%,0.68,AA,4.44%,133.3,37.4,-0.6%,25,游族转债!,
64,联得转债,123038,2020-01-22,联得装备,300545,机械装备,专用设备,121.79,0.57%,0.17%,28.7,0.91%,33,13.6%,119.1,25.29,5.99,113.48,7.3%,29天,5.57年,3.57年,4.8%,5.5%,2.0,41,-0.41%,-1.00%,-4.10%,-4.31%,80.93,81.85,45.28,127.13,-4.2%,73%,12%,17%,0.81,A+,7.14%,130.1,48.2,0.8%,15,联得转债,
16,东时转债,113575,2020-04-30,东方时尚,603377,其他,其他,116.35,1.79%,0.32%,16.6,2.79%,22,4.5%,113.5,14.76,5.68,112.47,3.5%,4月15天,5.85年,3.85年,4.4%,4.9%,4.3,98,-0.43%,-0.84%,-2.81%,-2.99%,87.33,88.45,35.93,124.38,-6.5%,42%,<2%,16%,0.76,AA,4.44%,120.2,31.8,7.7%,16,东时转债,
81,金牌转债,113553,2020-01-07,金牌厨柜,603180,其他,家居用品,128.65,0.26%,-3.07%,55.37,-3.50%,33,6.5%,124.6,44.14,3.22,125.44,2.6%,17天,5.53年,3.53年,7.5%,9.4%,3.9,53,-0.59%,-1.32%,-5.62%,-5.81%,85.76,93.52,44.66,138.18,-6.9%,49%,<2%,16%,0.80,AA-,5.44%,131.9,38.3,-18.4%,18,金牌转债,
110,远东转债,128075,2019-10-31,远东传动,002406,汽车,零部件制,118.85,0.18%,-0.83%,6.26,-0.95%,18,1.7%,115.2,5.79,1.28,108.12,9.9%,转股中,5.31年,3.31年,25.5%,27.5%,8.9,35,-0.60%,-1.10%,-3.88%,-4.07%,89.30,91.88,30.14,122.02,-2.6%,31%,14%,17%,0.68,AA,4.44%,129.6,37.7,5.0%,20,远东转债,
210,长证转债!,127005,2018-04-11,长江证券,000783,金融,证券行业,111.8,0.92%,-0.70%,6.25,0.64%,29,0.5%,109.3,7.43,1.26,84.12,32.9%,转股中,3.78年,无权,14.5%,12.2%,50,346,-0.61%,-1.06%,无权,无权,无权,97.89,8.78,106.67,4.8%,35%,27%,18%,0.34,AAA,3.02%,139.5,41.6,-0.7%,18,长证转债!,
150,亨通转债!,110056,2019-04-16,亨通光电,600487,通信互联,通信设备,118.27,1.16%,-0.64%,16.42,0.86%,7.2,0.4%,114.8,15.66,2.34,104.85,12.8%,转股中,4.80年,2.80年,5.3%,5.6%,17,321,-0.63%,-1.17%,-4.50%,-4.70%,93.31,97.54,22.13,119.66,-1.2%,47%,16%,16%,0.61,AA+,3.52%,131.7,34.2,-3.0%,33,亨通转债!,
47,恩捷转债!,128095,2020-02-28,恩捷股份,002812,电子,元器件制,119.5,1.35%,-1.15%,59.3,0.37%,11,0.6%,115.3,64.49,10.43,91.95,30.0%,2月16天,5.70年,3.70年,3.4%,3.1%,16,478,-0.64%,-1.11%,-3.61%,-3.79%,87.91,90.45,20.29,110.73,7.9%,71%,29%,17%,0.54,AA,4.44%,147.0,56.6,7.2%,18,恩捷转债!,
134,雅化转债!,128065,2019-05-10,雅化集团,002497,石油天然,化工,114.99,2.59%,0.19%,8.32,5.18%,24,2.6%,110.9,8.96,2.99,92.86,23.8%,转股中,4.87年,2.87年,10.0%,9.3%,8.0,80,-0.75%,-1.16%,-3.46%,-3.67%,91.82,91.86,17.82,109.67,4.8%,53%,24%,16%,0.54,AA,4.02%,137.1,45.3,6.9%,26,雅化转债!,
39,康弘转债,128098,2020-03-31,康弘药业,002773,医药,化学制药,121.5,0.91%,-0.08%,35.57,1.34%,8.7,0.4%,116.3,35.58,6.48,99.97,21.5%,3月11天,5.76年,3.76年,5.2%,5.2%,16,311,-0.77%,-1.26%,-3.97%,-4.14%,87.67,90.99,24.60,115.59,5.1%,43%,24%,16%,0.62,AA,4.44%,143.0,52.0,-4.5%,26,康弘转债,
103,英联转债,128079,2019-11-21,英联股份,002846,造纸包装,包装材料,122.88,-1.19%,1.13%,16.15,-0.06%,74,28.7%,117.9,13.54,4.63,119.28,3.0%,转股中,5.39年,3.39年,6.6%,7.9%,2.1,31,-0.78%,-1.35%,-4.61%,-4.82%,81.67,81.97,50.27,132.24,-7.1%,63%,<2%,18%,0.83,A+,7.14%,126.5,44.5,-4.9%,21,英联转债,
204,三力转债!,128039,2018-06-29,三 力 士,002224,机械装备,专用设备,114.166,-0.20%,-0.84%,5.77,-1.70%,7.9,3.4%,110.3,5.83,1.85,98.97,15.4%,转股中,4年7.0天,2年7.0天,4.8%,4.8%,2.0,42,-0.87%,-1.34%,-4.63%,-4.88%,92.70,90.97,22.30,113.27,0.8%,41%,19%,17%,0.61,AA-,5.02%,129.4,36.7,-8.5%,19,三力转债!,
203,华通转债!,128040,2018-07-13,华通医药,002758,医药,医药商业,116.996,0.43%,-0.60%,11.4,-0.26%,10,4.0%,112.9,11.29,3.79,100.97,15.9%,转股中,4年12天,2年12天,9.3%,9.4%,2.2,24,-0.90%,-1.47%,-5.52%,-5.79%,92.95,93.08,23.69,116.76,0.2%,51%,19%,18%,0.61,AA-,5.02%,133.0,39.9,3.5%,34,华通转债!,
240,国君转债!,113013,2017-07-24,国泰君安,601211,金融,证券行业,112.44,0.57%,-0.75%,15.67,-0.70%,75,1.0%,109.3,19.40,1.14,80.77,39.2%,转股中,3年35天,无权,5.0%,4.1%,70,1396,-0.93%,-1.48%,无权,无权,无权,99.89,5.07,104.97,7.1%,29%,29%,17%,0.25,AAA,3.02%,144.1,44.2,-3.4%,15,国君转债!,
87,克来转债,113552,2019-12-19,克来机电,603960,机械装备,机器人及,125.05,2.34%,1.32%,22.96,4.41%,9.2,4.2%,118.5,19.78,6.67,116.08,7.7%,7.0天,5.50年,3.50年,3.2%,3.7%,1.8,56,-0.99%,-1.57%,-4.79%,-5.01%,81.55,81.85,47.60,129.45,-3.4%,59%,13%,17%,0.83,A+,7.14%,134.0,52.2,-23.5%,15,克来转债,
11,华统转债,128106,2020-05-08,华统股份,002840,农业,农产品加,119.851,0.80%,0.71%,16.76,2.01%,4.7,0.7%,113.2,15.07,3.00,111.21,7.8%,4月16天,5.86年,3.86年,11.8%,13.1%,5.5,47,-0.99%,-1.39%,-3.56%,-3.73%,87.20,88.18,34.91,123.09,-2.6%,48%,13%,16%,0.75,AA,4.44%,128.5,40.3,1.0%,6,华统转债,
179,桐昆转债!,113020,2018-12-12,桐昆股份,601233,服装纺织,纺织行业,117.87,-0.11%,-0.62%,12.24,-1.37%,25,0.6%,112.8,12.51,1.21,97.84,20.5%,转股中,4.47年,2.47年,15.4%,15.0%,35,226,-1.00%,-1.51%,-4.93%,-5.15%,94.38,96.94,17.10,114.04,3.4%,49%,22%,16%,0.54,AA+,3.52%,137.9,41.0,4.5%,17,桐昆转债!,
178,寒锐转债!!,123017,2018-12-24,寒锐钴业,300618,有色金属,小金属,115.9,1.49%,-0.43%,49.06,2.27%,13,2.9%,110.8,57.48,7.60,85.35,35.8%,转股中,4.47年,2.47年,3.0%,2.6%,4.0,132,-1.02%,-1.46%,-4.31%,-4.53%,90.89,89.41,12.83,102.24,13.4%,71%,36%,16%,0.47,AA-,5.02%,146.4,55.6,-2.5%,15,寒锐转债!!,
105,华夏转债,128077,2019-11-07,华夏航空,002928,交通运输,航空运输,128.5,1.69%,-1.03%,13.25,0.84%,16,1.8%,120.8,10.52,3.22,125.95,2.0%,转股中,5.38年,3.38年,8.7%,10.9%,6.9,80,-1.17%,-1.82%,-5.83%,-6.03%,86.54,91.45,47.19,138.64,-7.3%,56%,<2%,18%,0.80,AA-,5.44%,131.0,39.6,-1.4%,25,华夏转债,
68,日月转债,113558,2020-01-14,日月股份,603218,机械装备,通用设备,123.11,1.47%,-1.03%,22.06,0.59%,6.0,0.4%,115.3,19.68,3.31,112.09,9.8%,25天,5.56年,3.56年,10.2%,11.5%,12,117,-1.19%,-1.67%,-4.52%,-4.70%,88.43,90.99,33.41,124.40,-1.0%,43%,16%,16%,0.73,AA,4.44%,134.1,43.1,1.3%,20,日月转债,
111,桃李转债!,113544,2019-10-15,桃李面包,603866,食品饮料,休闲食品,123,1.82%,-0.15%,50.23,2.49%,6.1,0.5%,115.3,47.54,8.74,105.66,16.4%,转股中,5.30年,3.30年,3.0%,3.2%,10,331,-1.23%,-1.74%,-4.82%,-5.02%,89.43,92.01,27.53,119.54,2.9%,41%,21%,16%,0.67,AA,4.44%,140.3,48.3,1.4%,20,桃李转债!,
18,裕同转债,128104,2020-04-28,裕同科技,002831,造纸包装,包装材料,124,3.99%,2.40%,26.01,9.24%,85,5.0%,115.3,23.52,3.54,110.59,12.1%,4月13天,5.85年,3.85年,6.1%,6.8%,14,228,-1.26%,-1.71%,-4.37%,-4.54%,89.01,92.36,31.87,124.24,-0.2%,62%,18%,17%,0.69,AA+,3.94%,137.4,45.1,9.2%,7,裕同转债,
233,济川转债!,110038,2017-11-29,济川药业,600566,医药,中药,111.85,0.17%,-0.69%,21.96,-1.44%,0.4,0.1%,108.3,24.27,2.77,90.48,23.6%,转股中,2.45年,0.45年,3.5%,3.2%,6.3,179,-1.32%,-1.94%,-16.4%,-16.7%,98.81,99.20,6.94,106.14,5.4%,37%,27%,15%,0.36,AA,3.69%,133.2,34.0,1.3%,22,济川转债!,
97,石英转债!,113548,2019-11-22,石英股份,603688,电子,电子行业,134.64,0.84%,-1.18%,20.51,-0.34%,35,8.3%,124.8,15.25,4.58,134.49,0.1%,转股中,5.41年,3.41年,4.5%,6.1%,3.1,69,-1.42%,-2.17%,-6.86%,-7.09%,86.86,94.34,40.15,134.49,0.1%,56%,56%,17%,1.00,AA-,5.44%,134.8,40.4,-10.7%,13,石英转债!,
86,烽火转债,110062,2019-12-25,烽火通信,600498,通信互联,通信设备,120.08,-0.12%,-0.84%,27.95,-1.41%,146,3.9%,111,25.99,3.11,107.54,11.7%,5.0天,5.50年,3.50年,9.4%,10.1%,31,327,-1.44%,-1.80%,-4.00%,-4.17%,91.51,92.46,27.39,119.85,0.2%,43%,18%,16%,0.68,AAA,3.44%,132.6,40.2,-14.5%,22,烽火转债,
231,兄弟转债!,128021,2017-12-27,兄弟科技,002562,医药,原料药,115.7,0.61%,-0.61%,5.3,0.00%,5.3,0.9%,109.8,5.25,2.26,100.95,14.6%,转股中,3.49年,1.49年,10.6%,10.7%,5.1,48,-1.51%,-2.02%,-7.06%,-7.33%,96.11,95.93,17.94,113.88,1.6%,55%,20%,16%,0.59,AA,4.02%,130.4,34.3,1.3%,13,兄弟转债!,
45,宏辉转债,113565,2020-03-16,宏辉果蔬,603336,农业,农产品加,129.27,0.04%,-1.32%,13.4,-1.47%,263,61.5%,118.2,10.00,3.39,134.00,-3.5%,3月3天,5.74年,3.74年,7.6%,10.2%,3.3,44,-1.58%,-2.12%,-5.44%,-5.63%,84.86,87.78,56.07,143.85,-10.1%,62%,<2%,16%,0.87,AA-,5.44%,124.5,36.8,-21.4%,12,宏辉转债,
232,国祯转债!,123002,2017-12-25,国祯环保,300388,城市公用,三废处理,116.06,0.44%,-0.23%,9.06,0.33%,3.0,0.6%,109.8,8.60,1.77,105.35,10.2%,转股中,3.48年,1.48年,6.8%,7.1%,4.2,62,-1.61%,-2.12%,-7.29%,-7.56%,96.15,95.97,20.86,116.84,-0.7%,51%,16%,16%,0.65,AA,4.02%,126.8,30.6,-9.0%,11,国祯转债!,
220,航电转债,110042,2018-01-15,中航电子,600372,航空航天,航空航天,115.96,0.82%,-0.75%,13.25,0.15%,5.6,0.2%,109.3,14.18,3.12,93.44,24.1%,转股中,3.57年,1.57年,10.3%,9.6%,24,233,-1.68%,-2.15%,-6.76%,-7.05%,97.67,98.51,11.57,110.08,5.3%,36%,26%,16%,0.46,AAA,3.02%,138.5,40.0,-3.2%,11,航电转债,
15,长集转债,128105,2020-05-13,长青集团,002616,城市公用,三废处理,127.1,1.19%,-1.74%,9.99,-0.70%,13,1.3%,115.3,8.31,3.01,120.22,5.7%,4月15天,5.85年,3.85年,10.8%,13.0%,8.0,74,-1.68%,-2.13%,-4.95%,-5.12%,87.30,89.83,41.93,131.76,-3.5%,38%,13%,17%,0.78,AA,4.44%,134.0,44.1,3.4%,5,长集转债,
195,万顺转债,123012,2018-08-29,万顺新材,300057,造纸包装,包装材料,119,-3.25%,3.36%,4.79,0.21%,53,34.1%,110.9,5.31,0.96,90.21,31.9%,转股中,4年48天,2年48天,4.0%,3.6%,1.3,32,-1.73%,-2.20%,-5.99%,-6.25%,92.50,90.99,17.67,108.67,9.5%,41%,34%,18%,0.50,AA-,5.02%,147.8,55.3,-1.4%,16,万顺转债,
19,瀚蓝转债,110069,2020-05-07,瀚蓝环境,600323,城市公用,三废处理,125.81,1.05%,-0.77%,22.37,0.40%,9.7,0.8%,113.5,20.42,2.56,109.55,14.8%,4月13天,5.85年,3.85年,5.8%,6.3%,9.9,171,-1.76%,-2.17%,-5.06%,-5.15%,87.62,90.77,30.22,121.00,4.0%,29%,23%,16%,0.70,AA+,3.94%,142.1,51.3,4.2%,7,瀚蓝转债,
155,视源转债,128059,2019-04-02,视源股份,002841,电子,液晶显示,123.88,1.95%,4.09%,91.15,7.81%,17,1.5%,113.9,75.72,12.16,120.38,2.9%,转股中,4.78年,2.78年,1.6%,1.9%,9.4,598,-1.77%,-2.28%,-6.01%,-6.21%,92.18,94.70,36.10,130.80,-5.3%,47%,<2%,16%,0.77,AA,4.02%,127.4,32.7,15.5%,13,视源转债,
118,欧派转债,113543,2019-09-04,欧派家居,603833,其他,家居用品,126.87,1.50%,0.39%,121.06,2.42%,27,1.4%,115.3,101.46,5.56,119.32,6.3%,转股中,5.21年,4.21年,2.9%,3.5%,15,509,-1.85%,-2.36%,-4.16%,-4.39%,87.64,92.39,37.77,130.16,-2.5%,39%,13%,16%,0.78,AA,4.44%,134.4,42.0,8.8%,17,欧派转债,
164,中天转债!,110051,2019-03-22,中天科技,600522,通信互联,通信设备,124.55,1.41%,-1.95%,11.6,-0.77%,106,2.2%,113.9,10.19,1.72,113.84,9.4%,转股中,4.75年,2.75年,11.1%,12.7%,40,356,-1.90%,-2.41%,-6.24%,-6.45%,93.58,96.96,28.97,125.93,-1.1%,39%,16%,16%,0.70,AA+,3.52%,135.3,38.3,-1.3%,33,中天转债!,
245,光大转债,113011,2017-07-18,光大银行,601818,金融,银行行业,114.42,-0.02%,0.02%,3.81,0.00%,110,0.3%,108.3,3.97,0.61,95.97,19.2%,转股中,2.79年,无权,15.0%,14.4%,300,2000,-1.98%,-2.52%,无权,无权,无权,100.69,10.12,110.81,3.3%,21%,21%,16%,0.45,AAA,2.69%,132.9,32.2,3.2%,18,光大转债,
84,先导转债,123036,2020-01-10,先导智能,300450,机械装备,专用设备,128.71,1.67%,-0.83%,42,1.20%,40,3.1%,115.1,39.15,9.10,107.28,20.0%,15天,5.53年,3.53年,2.7%,2.9%,10,370,-2.03%,-2.50%,-5.75%,-5.92%,88.37,90.92,29.60,120.53,6.8%,65%,27%,16%,0.69,AA,4.44%,150.1,59.2,7.3%,21,先导转债,
181,科森转债!,113521,2018-12-07,科森科技,603626,通信互联,通信设备,126.04,0.70%,1.94%,10.89,3.42%,24,11.8%,115.2,8.70,2.53,125.17,0.7%,转股中,4.46年,2.46年,3.2%,4.0%,1.6,52,-2.04%,-2.62%,-7.29%,-7.52%,93.46,96.99,39.62,136.61,-7.7%,58%,<2%,18%,0.77,AA,4.02%,126.9,29.9,-1.1%,30,科森转债!,
104,太极转债,128078,2019-11-08,太极股份,002368,计算机及,软件开发,130.8,1.64%,-0.20%,39.63,1.80%,20,1.6%,117.3,31.61,5.33,125.37,4.3%,转股中,5.39年,3.39年,6.1%,7.7%,10,164,-2.04%,-2.58%,-6.36%,-6.54%,89.10,93.25,42.38,135.64,-3.6%,49%,10%,16%,0.80,AA,4.44%,136.2,43.0,-2.2%,15,太极转债,
57,璞泰转债!,113562,2020-02-04,璞泰来,603659,电子,元器件制,124.5,1.71%,-0.28%,87,2.23%,42,3.9%,113.3,82.73,10.80,105.16,18.4%,36天,4.59年,2.59年,2.3%,2.4%,8.7,379,-2.06%,-2.56%,-6.99%,-7.12%,91.60,94.76,23.38,118.13,5.4%,53%,25%,16%,0.64,AA,4.02%,143.8,49.1,9.4%,18,璞泰转债!,
34,永高转债,128099,2020-04-10,永高股份,002641,建筑,建筑行业,128.1,0.63%,-2.27%,7.52,-2.08%,7.4,0.8%,113.2,6.30,2.47,119.37,7.3%,3月17天,5.78年,3.78年,8.3%,9.9%,7.0,84,-2.15%,-2.55%,-5.26%,-5.42%,87.51,88.49,41.91,130.41,-1.8%,39%,15%,17%,0.79,AA,4.44%,136.8,48.3,7.8%,10,永高转债,
254,电气转债!,113008,2015-02-16,上海电气,601727,能源电力,电力设备,108.22,0.56%,-0.62%,4.36,-1.13%,31,0.6%,106.6,5.13,1.04,84.99,27.3%,转股中,0.67年,回售中,6.8%,5.7%,45,661,-2.21%,-4.00%,回售中,回售中,103.00,104.91,0.30,105.21,2.9%,30%,30%,16%,0.05,AAA,2.40%,131.4,26.5,-5.8%,28,电气转债!,
89,福特转债,113551,2019-12-11,福斯特,603806,能源电力,太阳能,130.3,2.89%,0.94%,37.73,4.60%,43,3.0%,115.3,28.92,3.06,130.46,-0.1%,转股中,5.47年,3.47年,4.0%,5.2%,11,276,-2.25%,-2.73%,-6.13%,-6.31%,88.80,91.37,48.97,140.34,-7.2%,46%,<2%,17%,0.83,AA,4.44%,130.1,38.8,-12.2%,11,福特转债,
124,环境转债,113028,2019-07-08,上海环境,601200,城市公用,三废处理,125,0.80%,-1.24%,11.95,-0.58%,9.9,0.4%,111,10.44,1.65,114.46,9.2%,转股中,5年16天,3年16天,19.9%,22.7%,22,109,-2.37%,-2.75%,-5.75%,-5.95%,91.53,91.69,33.32,125.01,-0.0%,39%,17%,16%,0.75,AAA,3.94%,135.5,43.9,-4.5%,13,环境转债,
131,一心转债,128067,2019-05-17,一心堂,002727,医药,医药商业,127.55,2.37%,-0.07%,30.9,3.10%,56,7.4%,112.9,26.98,3.74,114.53,11.4%,转股中,4.88年,2.88年,3.4%,3.9%,6.0,175,-2.51%,-2.97%,-6.71%,-6.90%,91.79,93.48,32.54,126.01,1.2%,40%,19%,16%,0.74,AA,4.02%,140.6,47.1,10.1%,21,一心转债,
187,机电转债!,128045,2018-09-14,中航机电,002013,航空航天,航空航天,122.359,1.97%,-1.81%,8.02,0.25%,3.9,0.2%,109.8,7.63,3.07,105.11,16.4%,转股中,4.24年,2.24年,7.3%,7.6%,21,289,-2.57%,-2.98%,-6.86%,-7.10%,96.24,97.05,20.96,118.01,3.7%,47%,23%,16%,0.62,AAA,3.02%,139.6,42.6,-3.1%,10,机电转债!,
186,顾家转债,113518,2018-10-09,顾家家居,603816,其他,家居用品,128.46,0.07%,2.35%,46.9,2.96%,27,1.9%,114.9,36.57,4.89,128.25,0.2%,转股中,4.28年,2.28年,3.9%,5.0%,11,282,-2.62%,-3.22%,-8.56%,-8.79%,93.99,97.40,40.06,137.46,-6.5%,43%,<2%,16%,0.82,AA,4.02%,128.7,31.3,10.3%,12,顾家转债,
30,博特转债,113571,2020-04-01,苏博特,603916,建筑,水泥,140.63,3.33%,-1.72%,27.69,1.80%,94,9.8%,120.8,18.88,3.52,146.66,-4.1%,3月18天,5.78年,3.78年,8.1%,11.9%,7.0,86,-2.64%,-3.23%,-7.40%,-7.58%,84.70,89.52,66.36,155.88,-9.8%,48%,<2%,17%,0.89,AA-,5.44%,134.6,45.1,6.0%,16,博特转债,
52,东财转2,123041,2020-02-14,东方财富,300059,金融,证券行业,128.54,1.21%,-1.93%,14.25,-1.04%,112,1.2%,110.5,13.13,4.33,108.53,18.4%,45天,5.62年,3.62年,6.4%,6.9%,73,1148,-2.68%,-3.01%,-5.90%,-6.00%,88.42,89.17,31.74,120.91,6.3%,48%,28%,18%,0.70,AA+,3.94%,148.5,59.4,-15.9%,39,东财转2,
62,麦米转债,128089,2020-01-21,麦格米特,002851,电子,电子行业,131.6,2.13%,-0.62%,27.05,1.69%,34,4.0%,113.3,20.31,6.34,133.19,-1.2%,30天,5.57年,3.57年,5.2%,6.9%,6.6,127,-2.70%,-3.11%,-6.21%,-6.39%,85.34,84.86,56.65,141.51,-7.0%,62%,<2%,16%,0.89,AA-,5.44%,130.0,44.7,12.0%,19,麦米转债,
238,金禾转债!,128017,2017-11-27,金禾实业,002597,石油天然,化工,120.432,1.20%,-1.25%,22.36,-0.09%,1.3,0.2%,109.8,22.42,2.99,99.73,20.8%,转股中,3.42年,1.42年,4.8%,4.8%,6.0,125,-2.72%,-3.23%,-9.71%,-9.98%,96.39,96.21,17.52,113.74,5.9%,36%,28%,17%,0.56,AA,4.02%,141.1,44.7,5.2%,12,金禾转债!,
53,博威转债,113031,2020-02-17,博威合金,601137,有色金属,铜金属,126.25,0.42%,-0.65%,13.07,-0.31%,20,1.3%,111.3,11.49,2.25,113.75,11.0%,44天,4.61年,3.61年,13.4%,15.3%,12,89,-2.73%,-3.16%,-5.14%,-5.31%,89.39,93.01,30.83,123.84,1.9%,40%,20%,16%,0.74,AA,4.02%,138.7,45.7,-4.6%,15,博威转债,
213,玲珑转债!,113019,2018-03-22,玲珑轮胎,601966,汽车,零部件制,121.31,1.25%,-0.75%,18.99,1.01%,14,0.6%,112.5,18.55,2.03,102.37,18.5%,转股中,2.75年,0.75年,8.8%,9.0%,20,228,-2.74%,-3.53%,-18.3%,-18.5%,98.39,103.30,12.41,115.71,4.8%,32%,26%,16%,0.50,AA+,3.19%,140.2,36.9,-7.0%,10,玲珑转债!,
2,健友转债,113579,2020-05-22,健友股份,603707,医药,原料药,135.68,2.89%,-0.21%,62.52,3.51%,85,12.6%,114.2,54.97,14.14,113.73,19.3%,5月0天,5.89年,3.89年,1.1%,1.3%,5.0,449,-2.93%,-3.34%,-6.45%,-6.61%,87.06,88.82,36.59,125.41,8.2%,55%,29%,16%,0.76,AA,4.44%,157.6,68.8,3.3%,5,健友转债,
90,顺丰转债,128080,2019-12-09,顺丰控股,002352,交通运输,物流业,128.4,2.76%,-1.02%,45.58,2.36%,162,2.2%,109.2,40.14,4.70,113.55,13.1%,转股中,5.47年,3.47年,2.9%,3.3%,58,2012,-2.95%,-3.25%,-6.12%,-6.23%,90.46,90.97,31.96,122.94,4.4%,29%,24%,16%,0.74,AAA,3.44%,143.2,52.3,-0.8%,24,顺丰转债,
26,海大转债,128102,2020-04-16,海大集团,002311,农业,畜牧业,135.6,0.51%,1.18%,48.4,1.94%,272,7.1%,114.1,34.74,8.13,139.32,-2.7%,3月25天,5.80年,4.80年,3.7%,5.2%,28,765,-2.97%,-3.39%,-5.17%,-5.33%,86.38,91.48,54.98,146.46,-7.4%,34%,<2%,16%,0.87,AA+,3.94%,131.9,40.4,5.2%,13,海大转债,
170,溢利转债!,123018,2019-01-23,溢多利,300381,医药,原料药,131.699,0.52%,-1.16%,10.83,-0.64%,23,6.8%,114.9,8.35,1.92,129.70,1.5%,转股中,4.55年,2.55年,5.1%,6.7%,2.5,49,-3.01%,-3.56%,-8.58%,-8.79%,90.62,92.34,37.36,129.70,1.5%,39%,63%,17%,1.00,AA-,5.02%,133.7,41.4,-7.1%,13,溢利转债!,
55,乐普转债,123040,2020-01-23,乐普医疗,300003,医药,医疗器械,127.914,0.71%,-1.65%,34.93,-1.41%,12,1.3%,111.1,32.39,7.97,107.84,18.6%,37天,4.59年,2.59年,1.2%,1.3%,7.5,622,-3.06%,-3.48%,-7.90%,-8.03%,92.81,94.96,24.43,119.39,7.1%,42%,28%,16%,0.66,AA+,3.52%,148.0,53.0,-10.3%,20,乐普转债,
224,太阳转债!,128029,2018-01-16,太阳纸业,002078,造纸包装,造纸行业,117.9,0.43%,-0.77%,8.5,-0.70%,2.5,0.2%,107.8,8.65,1.47,98.27,20.0%,转股中,2.56年,0.56年,5.4%,5.3%,12,220,-3.47%,-4.02%,-20.5%,-20.7%,98.70,99.55,11.05,110.60,6.6%,39%,29%,16%,0.49,AA+,3.19%,137.5,38.0,1.4%,8,太阳转债!,
145,精测转债!!,123025,2019-04-19,精测电子,300567,电子,液晶显示,139.68,7.70%,-0.79%,70.29,6.90%,419,91.6%,117.3,50.25,12.36,139.88,-0.1%,转股中,4.82年,2.82年,2.0%,2.8%,3.4,173,-3.62%,-4.21%,-9.58%,-9.78%,89.65,93.06,46.82,139.88,-0.1%,73%,<2%,17%,1.00,AA-,5.02%,139.5,46.4,3.8%,21,精测转债!!,
65,深南转债,128088,2020-01-16,深南电路,002916,电子,元器件制,141.32,1.16%,-1.91%,151,-0.84%,161,7.5%,115.1,105.79,10.08,142.74,-1.0%,28天,5.56年,3.56年,2.1%,3.0%,15,717,-3.68%,-4.13%,-8.05%,-8.21%,88.23,90.78,59.59,150.38,-6.0%,66%,<2%,16%,0.89,AA,4.44%,139.9,49.1,-23.4%,35,深南转债,
205,新泉转债!,113509,2018-06-22,新泉股份,603179,汽车,零部件制,129.17,2.56%,3.40%,18.53,7.11%,146,31.1%,110.8,14.22,2.55,130.31,-0.9%,转股中,4年3.0天,2年3.0天,6.8%,8.8%,3.7,54,-3.83%,-4.30%,-9.86%,-10.1%,94.91,94.95,43.73,138.67,-6.9%,51%,<2%,17%,0.84,AA,4.02%,128.0,33.1,-15.5%,13,新泉转债!,
253,航信转债!!,110031,2015-06-30,航天信息,600271,计算机及,软件开发,113.07,0.12%,-0.10%,15.95,1.66%,14,0.5%,108.5,21.79,2.68,73.20,54.5%,转股中,1年10天,回售中,8.1%,5.9%,24,297,-3.98%,-5.44%,回售中,回售中,100.23,105.61,0.12,105.74,6.9%,40%,50%,17%,0.02,AAA,2.69%,152.9,47.3,-5.5%,16,航信转债!!,
212,艾华转债!,113504,2018-03-23,艾华集团,603989,电子,元器件制,128.26,0.26%,-0.75%,27.08,-0.59%,8.0,0.9%,110.3,21.43,4.85,126.36,1.5%,转股中,3.75年,1.75年,6.4%,8.1%,6.8,106,-4.01%,-4.49%,-11.0%,-11.2%,95.37,95.41,38.62,134.03,-4.3%,41%,<2%,16%,0.83,AA,4.02%,130.2,34.7,-2.1%,9,艾华转债!,
168,联泰转债!,113526,2019-02-18,联泰环保,603797,城市公用,三废处理,134.05,1.92%,1.11%,11.24,3.02%,27,10.0%,110.8,8.72,2.46,128.90,4.0%,转股中,4.65年,2.65年,5.8%,7.4%,2.1,36,-4.09%,-4.48%,-8.92%,-9.11%,92.55,92.59,36.31,128.90,4.0%,47%,>100%,18%,1.00,AA,4.02%,139.2,46.6,0.9%,9,联泰转债!,
54,希望转债,127015,2020-02-04,新 希 望,000876,农业,畜牧业,140,0.29%,-0.03%,28.02,0.29%,232,4.1%,110.2,19.78,4.26,141.66,-1.2%,37天,5.59年,3.59年,3.4%,4.8%,40,1181,-4.25%,-4.56%,-7.92%,-8.05%,90.67,91.47,56.61,148.07,-5.5%,40%,<2%,16%,0.88,AAA,3.44%,138.3,46.9,-8.0%,34,希望转债,
95,通光转债!,123034,2019-11-28,通光线缆,300265,通信互联,通信设备,149.877,-3.18%,0.11%,10.43,-3.07%,324,129%,118.5,7.98,3.47,130.70,14.7%,转股中,5.43年,3.43年,4.6%,5.9%,1.7,36,-4.31%,-4.87%,-9.77%,-9.94%,81.43,82.18,48.52,130.70,14.7%,56%,>100%,17%,1.00,A+,7.14%,169.1,86.9,-15.6%,30,通光转债!,
189,蓝盾转债!!,123015,2018-09-13,蓝盾股份,300297,计算机及,软件开发,136.11,-4.48%,4.55%,3.56,1.14%,139,101%,112.9,5.79,1.17,61.49,121%,转股中,4.20年,2.20年,2.2%,1.4%,1.0,44,-4.44%,-4.96%,-11.0%,-11.2%,94.29,95.19,0.00,95.19,43.0%,44%,>100%,16%,0.07,AA,4.02%,210.7,115.5,-5.2%,19,蓝盾转债!!,
73,新莱转债,123037,2020-01-22,新莱应材,300260,机械装备,通用设备,151.451,-1.01%,4.03%,16.92,3.23%,1039,245%,118.2,11.18,4.31,151.34,0.1%,27天,5.55年,3.55年,8.2%,12.4%,2.8,34,-4.46%,-4.98%,-9.61%,-9.80%,81.10,81.34,78.62,159.97,-5.3%,65%,<2%,17%,0.93,A+,7.14%,151.6,70.2,2.8%,16,新莱转债,
251,九州转债!,110034,2016-01-29,九州通,600998,医药,医药商业,118,2.41%,-0.85%,18,4.05%,22,1.3%,109.6,18.32,1.97,98.25,20.1%,转股中,1.62年,回售中,4.4%,4.4%,15,338,-4.48%,-5.52%,回售中,回售中,103.00,104.20,6.19,110.39,6.9%,28%,28%,15%,0.39,AA+,3.19%,137.7,33.5,0.4%,29,九州转债!,
225,赣锋转债!,128028,2018-01-19,赣锋锂业,002460,有色金属,小金属,129.9,2.05%,-0.54%,49.5,2.00%,131,11.0%,109.3,42.28,7.78,117.08,11.0%,转股中,3.56年,1.56年,1.4%,1.7%,9.2,640,-4.81%,-5.26%,-11.3%,-11.5%,95.39,95.22,30.69,125.91,3.2%,58%,24%,17%,0.76,AA,4.02%,142.7,47.3,2.0%,15,赣锋转债!,
59,新天转债,128091,2020-01-17,新天药业,002873,医药,中药,164.654,-2.37%,2.24%,16.94,-0.18%,369,126%,120,16.49,2.80,102.73,60.3%,34天,5.58年,3.58年,8.9%,9.2%,1.8,20,-5.63%,-6.19%,-11.1%,-11.2%,81.47,82.51,36.19,118.70,38.7%,61%,73%,16%,0.75,A+,7.14%,226.6,144.1,-1.8%,18,新天转债,
151,长信转债!,123022,2019-04-10,长信科技,300088,通信互联,通信设备,157,1.35%,-1.74%,9.04,-0.44%,17,3.1%,114.9,6.25,3.40,144.64,8.5%,转股中,4.79年,2.79年,1.6%,2.3%,3.5,221,-6.41%,-6.91%,-13.0%,-13.2%,92.11,95.46,56.59,152.04,3.3%,63%,25%,16%,0.89,AA,4.02%,169.4,73.9,-5.2%,13,长信转债!,
192,凯发转债!,123014,2018-08-21,凯发电气,300407,能源电力,电力设备,134.3,-3.87%,4.39%,7.84,0.90%,138,86.9%,109.1,8.14,1.88,96.31,39.4%,转股中,3年55天,1年55天,4.9%,4.7%,1.2,24,-6.47%,-6.95%,-17.7%,-17.9%,93.52,89.17,20.65,109.82,22.3%,49%,54%,18%,0.58,A+,6.72%,172.3,78.8,-2.5%,15,凯发转债!,
165,中宠转债!,128054,2019-03-14,中宠股份,002891,农业,畜牧业,158.6,5.81%,-0.01%,35.3,6.10%,1087,579%,115.2,22.22,7.53,158.87,-0.2%,转股中,4.71年,2.71年,2.0%,3.2%,1.2,60,-6.68%,-7.19%,-13.7%,-13.9%,86.02,85.34,80.04,165.39,-4.1%,57%,<2%,16%,0.95,A+,6.72%,158.3,72.3,18.5%,20,中宠转债!,
72,振德转债,113555,2020-01-14,振德医疗,603301,医药,医疗器械,182.8,4.77%,1.52%,39.97,6.59%,927,118%,124.8,20.04,4.19,199.45,-8.3%,23天,5.55年,3.55年,7.9%,15.7%,4.4,56,-6.77%,-7.44%,-13.5%,-13.7%,86.23,93.65,113.11,206.76,-11.6%,63%,<2%,17%,0.96,AA-,5.44%,166.1,72.5,3.9%,18,振德转债,
196,威帝转债,113514,2018-08-13,威帝股份,603023,汽车,零部件制,139.22,-1.49%,2.05%,5.5,0.73%,201,150%,111.1,4.85,3.61,113.40,22.8%,转股中,3年48天,1年48天,3.8%,4.4%,1.0,25,-7.04%,-7.63%,-20.0%,-20.2%,93.64,90.91,32.44,123.36,12.9%,49%,43%,18%,0.77,A+,6.72%,165.0,71.4,-5.1%,28,威帝转债,
207,金农转债!!,128036,2018-04-02,金新农,002548,农业,畜牧业,146.1,-4.00%,4.12%,8.9,0.23%,301,138%,110.3,9.62,2.06,92.52,57.9%,转股中,3.77年,1.77年,3.8%,3.5%,1.5,39,-7.30%,-7.75%,-13.6%,-13.8%,93.56,92.03,15.04,107.07,36.5%,46%,76%,17%,0.52,AA-,5.02%,199.7,106.1,-10.4%,17,金农转债!!,
183,百合转债,113520,2018-11-26,梦百合,603313,其他,家居用品,176.85,-0.88%,1.34%,25.18,0.48%,222,127%,115.2,14.28,3.51,176.33,0.3%,转股中,4.44年,2.44年,1.1%,2.0%,1.0,86,-9.37%,-9.89%,-13.0%,-13.1%,91.26,93.13,88.91,182.04,-2.9%,44%,<2%,16%,0.96,AA-,5.02%,177.4,84.2,8.4%,11,百合转债,
161,富祥转债!,123020,2019-03-29,富祥药业,300497,医药,原料药,192.77,-3.62%,5.95%,18,2.33%,562,283%,120.5,9.28,2.99,193.97,-0.6%,转股中,4.75年,2.75年,1.2%,2.4%,1.0,83,-9.58%,-10.2%,-12.4%,-12.5%,90.17,95.97,97.99,193.97,-0.6%,65%,<2%,16%,1.00,AA-,5.02%,191.6,95.6,-21.8%,20,富祥转债!,
166,尚荣转债!,128053,2019-03-07,尚荣医疗,002551,医药,医疗器械,197.001,-1.50%,3.56%,6.95,2.06%,891,235%,114.9,4.89,1.99,142.13,38.6%,转股中,4.71年,2.71年,3.4%,4.8%,1.9,57,-11.0%,-11.5%,-13.1%,-13.1%,92.43,95.79,46.34,142.13,38.6%,50%,>100%,16%,1.00,AA,4.02%,251.9,156.1,-3.3%,33,尚荣转债!,
223,天康转债!!,128030,2018-01-29,天康生物,002100,农业,畜牧业,184.85,1.18%,1.90%,14.72,3.08%,562,202%,112.3,8.05,3.18,182.86,1.1%,转股中,3.56年,1.56年,1.0%,1.8%,1.5,157,-13.3%,-13.8%,-23.8%,-23.9%,96.09,97.88,84.97,182.86,1.1%,47%,93%,16%,1.00,AA,4.02%,186.8,89.0,-4.4%,11,天康转债!!,
190,东音转债!!,128043,2018-08-27,罗欣药业,002793,医药,化学制药,208.103,-1.19%,0.46%,12.34,-0.72%,62,40.6%,115.1,6.27,4.65,196.81,5.7%,转股中,4.17年,2.17年,0.4%,0.8%,0.7,178,-13.5%,-14.0%,-18.4%,-18.6%,92.37,94.27,102.54,196.81,5.7%,73%,>100%,17%,1.00,AA-,5.02%,219.4,125.1,-10.2%,12,东音转债!!,
198,盛路转债!!,128041,2018-08-14,盛路通信,002446,通信互联,通信设备,220,1.38%,-1.38%,7.12,5.01%,1010,878%,115,6.85,2.28,103.94,112%,转股中,4年45天,2年45天,0.8%,0.9%,0.5,64,-14.8%,-15.3%,-19.9%,-20.0%,94.67,98.10,6.43,104.54,110.4%,57%,>100%,16%,0.00,AA,4.02%,336.1,238.0,-1.4%,12,盛路转债!!,
112,晶瑞转债!,123031,2019-09-26,晶瑞股份,300655,石油天然,化工,276.3,-2.47%,4.16%,39.2,1.69%,759,361%,116.2,17.94,7.40,218.51,26.4%,转股中,5.24年,3.24年,1.1%,2.3%,0.8,70,-15.4%,-15.9%,-13.6%,-13.6%,82.19,81.55,136.95,218.51,26.4%,70%,>100%,18%,1.00,A+,7.14%,334.1,251.9,4.4%,15,晶瑞转债!,
76,国轩转债,128086,2020-01-10,国轩高科,002074,汽车,零部件制,295.8,47.8%,-38.0%,29.9,10.0%,5602,117%,115.3,12.19,3.77,245.28,20.6%,21天,5.55年,3.55年,5.5%,13.4%,19,338,-15.8%,-16.2%,-12.4%,-12.4%,88.50,91.05,159.22,250.27,18.2%,47%,76%,16%,0.98,AA,4.44%,346.3,255.3,23.4%,30,国轩转债,
202,广电转债!,110044,2018-07-24,广电网络,600831,传媒娱乐,影视娱乐,251.69,8.92%,-0.90%,8.64,10.1%,1315,721%,112.9,6.90,1.69,125.22,101%,转股中,4年25天,2年25天,1.2%,1.5%,0.7,61,-18.2%,-18.6%,-22.9%,-23.0%,94.77,96.51,38.48,135.00,86.4%,51%,>100%,17%,0.80,AA,4.02%,378.2,281.6,24.0%,11,广电转债!,
242,模塑转债!!,127004,2017-08-16,模塑科技,000700,汽车,零部件制,215,-5.70%,4.94%,7.19,-1.51%,812,278%,114.3,7.59,2.54,94.73,127%,转股中,3年1.0天,1年1.0天,2.0%,1.9%,1.3,66,-19.3%,-19.9%,-44.1%,-44.3%,98.22,101.83,7.17,108.99,97.3%,48%,>100%,17%,0.50,AA,4.02%,335.3,233.4,-10.5%,46,模塑转债!!,
169,凯龙转债!,128052,2019-01-21,凯龙股份,002783,石油天然,化工,320.35,-6.33%,6.22%,9.2,-0.11%,193,183%,115,6.77,2.03,135.89,136%,转股中,4.56年,2.56年,0.9%,1.3%,0.3,35,-20.4%,-20.8%,-20.4%,-20.4%,93.08,96.46,39.44,135.89,135.7%,81%,>100%,17%,1.00,AA,4.02%,504.8,408.4,-2.4%,12,凯龙转债!,
194,横河转债!,123013,2018-08-20,横河模具,300539,机械装备,专用设备,305,-3.79%,4.05%,6.78,0.89%,379,321%,116,9.22,3.12,73.54,315%,转股中,4年54天,2年54天,2.5%,1.9%,0.4,15,-21.1%,-21.6%,-24.6%,-24.7%,89.80,89.22,9.75,98.97,208.2%,46%,>100%,17%,0.29,A+,6.72%,536.5,446.7,1.7%,17,横河转债!,
116,英科转债!,123029,2019-09-10,英科医疗,300677,医药,医疗器械,542.4,9.80%,0.20%,87.6,9.99%,1573,203%,138.7,16.17,10.04,541.74,0.1%,转股中,5.21年,3.21年,0.8%,4.2%,1.5,192,-23.5%,-24.3%,-18.0%,-18.0%,90.46,106.27,435.48,541.74,0.1%,70%,70%,17%,1.00,AA-,5.44%,543.1,436.8,39.3%,17,英科转债!,
180,特发转债!,127008,2018-12-25,特发信息,000070,通信互联,通信设备,290.999,-5.06%,5.17%,8.63,0.12%,274,153%,111.1,5.61,2.48,153.83,89.2%,转股中,3.46年,1.46年,0.9%,1.3%,0.6,70,-24.5%,-24.9%,-37.4%,-37.5%,95.56,97.13,56.71,153.83,89.2%,66%,>100%,17%,1.00,AA,4.02%,428.2,331.0,-3.6%,15,特发转债!,
